SALE TYPE,SOLD DATE,PROPERTY TYPE,ADDRESS,CITY,STATE OR PROVINCE,ZIP OR POSTAL CODE,PRICE,BEDS,BATHS,LOCATION,SQUARE FEET,LOT SIZE,YEAR BUILT,DAYS ON MARKET,$/SQUARE FEET,HOA/MONTH,STATUS,NEXT OPEN HOUSE START TIME,NEXT OPEN HOUSE END TIME,URL (SEE http://www.redfin.com/buy-a-home/comparative-market-analysis FOR INFO ON PRICING),SOURCE,MLS#,FAVORITE,INTERESTED,LATITUDE,LONGITUDE
PAST SALE,July-24-2017,Condo/Co-op,2527 Q St NW #104,Washington,DC,20007,404000,2,2.0,WASHINGTON,696,,2002,621,580,450,Sold,,,http://www.redfin.com/DC/Washington/2527-Q-St-NW-20007/unit-104/home/10186627,BRIGHT MLS,1001392713,N,Y,38.9107705,-77.0544772
PAST SALE,August-6-2018,Condo/Co-op,2425 L St NW #508,Washington,DC,20037,575000,1,1.0,WASHINGTON,754,,2006,243,763,731,Sold,,,http://www.redfin.com/DC/Washington/2425-L-St-NW-20037/unit-508/home/11745716,BRIGHT MLS,1000410776,N,Y,38.9041571,-77.0523302
PAST SALE,August-15-2018,Condo/Co-op,2130 N St NW #305,Washington,DC,20037,256000,0,1.0,WASHINGTON,416,,1947,234,615,346,Sold,,,http://www.redfin.com/DC/Washington/2130-N-St-NW-20037/unit-305/home/9053593,BRIGHT MLS,1001919602,N,Y,38.9071056,-77.0472923
PAST SALE,March-27-2019,Condo/Co-op,2425 L St NW #621,Washington,DC,20037,655000,1,1.0,CENTRAL,850,270,2006,10,771,748,Sold,,,http://www.redfin.com/DC/Washington/2425-L-St-NW-20037/unit-621/home/11745892,BRIGHT MLS,DCDC401288,N,Y,38.9041571,-77.0523302
PAST SALE,August-16-2018,Condo/Co-op,1321 21st St NW #1,Washington,DC,20036,429000,1,1.0,WASHINGTON,550,,1921,233,780,144,Sold,,,http://www.redfin.com/DC/Washington/1321-21st-St-NW-20036/unit-1/home/56676296,BRIGHT MLS,1002028072,N,Y,38.907914,-77.0462579
PAST SALE,November-16-2018,Townhouse,1321 21st St NW #3,Washington,DC,20036,440000,1,1.0,WASHINGTON,470,,1921,141,936,,Sold,,,http://www.redfin.com/DC/Washington/1321-21st-St-NW-20036/unit-3/home/56370744,BRIGHT MLS,1009949516,N,Y,38.907914,-77.0462579
PAST SALE,February-14-2019,Condo/Co-op,2201 L St NW #220,Washington,DC,20037,299900,0,1.0,WASHINGTON,505,95,1967,51,594,453,Sold,,,http://www.redfin.com/DC/Washington/2201-L-St-NW-20037/unit-220/home/9050058,BRIGHT MLS,DCDC309470,N,Y,38.9038969,-77.0488783
PAST SALE,February-20-2018,Condo/Co-op,2515 K St NW #510,Washington,DC,20037,301000,1,1.0,WASHINGTON,574,,1939,410,524,600,Sold,,,http://www.redfin.com/DC/Washington/2515-K-St-NW-20037/unit-510/home/9041763,BRIGHT MLS,1004436125,N,Y,38.9026671,-77.05392
PAST SALE,June-28-2018,Condo/Co-op,1010 25th St NW #401,Washington,DC,20037,395000,1,1.0,FOGGY BOTTOM,652,,1938,282,606,452,Sold,,,http://www.redfin.com/DC/Washington/1010-25th-St-NW-20037/unit-401/home/9041086,BRIGHT MLS,1001669596,N,Y,38.9026469,-77.053473
PAST SALE,June-30-2017,Condo/Co-op,2515 K St NW #212,Washington,DC,20037,295000,1,1.0,WASHINGTON,566,,1939,645,521,578,Sold,,,http://www.redfin.com/DC/Washington/2515-K-St-NW-20037/unit-212/home/9041813,BRIGHT MLS,1001386219,N,Y,38.9026671,-77.05392
PAST SALE,September-27-2018,Condo/Co-op,1121 24th St NW #204,Washington,DC,20037,349900,1,1.0,WASHINGTON,402,,1940,191,870,268,Sold,,,http://www.redfin.com/DC/Washington/1121-24th-St-NW-20037/unit-204/home/21636104,BRIGHT MLS,1002251032,N,Y,38.9043982,-77.0510379
PAST SALE,July-30-2018,Condo/Co-op,3 Washington Cir NW #1003,Washington,DC,20037,399900,1,1.5,WASHINGTON,908,,1909,250,440,745,Sold,,,http://www.redfin.com/DC/Washington/3-Washington-Cir-NW-20037/unit-1003/home/9048574,BRIGHT MLS,1000385858,N,Y,38.9028297,-77.0508464
PAST SALE,September-7-2018,Condo/Co-op,1330 New Hampshire Ave NW #321,Washington,DC,20036,310000,0,1.0,WASHINGTON,504,,1963,211,615,445,Sold,,,http://www.redfin.com/DC/Washington/1330-New-Hampshire-Ave-NW-20036/unit-321/home/9056846,BRIGHT MLS,1001985468,N,Y,38.9081797,-77.0450162
PAST SALE,March-22-2019,Condo/Co-op,2201 L St NW #119,Washington,DC,20037,288000,0,1.0,WASHINGTON,510,95,1967,15,565,431,Sold,,,http://www.redfin.com/DC/Washington/2201-L-St-NW-20037/unit-119/home/9049782,BRIGHT MLS,DCDC400154,N,Y,38.9038969,-77.0488783
PAST SALE,December-8-2017,Condo/Co-op,2425 L St NW #314,Washington,DC,20037,1260000,2,2.0,WASHINGTON,1512,,2006,484,833,1439,Sold,,,http://www.redfin.com/DC/Washington/2425-L-St-NW-20037/unit-000314/home/11745772,BRIGHT MLS,1000990391,N,Y,38.904343,-77.0523268
PAST SALE,August-10-2018,Condo/Co-op,1200 23rd St NW #806,Washington,DC,20037,380000,1,1.5,WASHINGTON,1000,,1981,239,380,916,Sold,,,http://www.redfin.com/DC/Washington/1200-23rd-St-NW-20037/unit-806/home/143454443,BRIGHT MLS,1005866187,N,Y,38.9056559,-77.050392
PAST SALE,November-14-2018,Condo/Co-op,2500 Q St NW #603,Washington,DC,20007,339500,1,1.0,WASHINGTON,799,,1942,143,425,723,Sold,,,http://www.redfin.com/DC/Washington/2500-Q-St-NW-20007/unit-603/home/9928616,BRIGHT MLS,1007751786,N,Y,38.9104655,-77.0524133
PAST SALE,May-31-2017,Townhouse,1409 Hopkins St NW,Washington,DC,20036,1515000,4,4.0,WASHINGTON,3101,1256,1900,675,489,,Sold,,,http://www.redfin.com/DC/Washington/1409-Hopkins-St-NW-20036/home/9056142,BRIGHT MLS,1001387867,N,Y,38.9089873,-77.0455736
PAST SALE,April-27-2018,Townhouse,1511 28th St NW,Washington,DC,20007,1250000,3,2.5,WASHINGTON,1664,1286,1895,344,751,,Sold,,,http://www.redfin.com/DC/Washington/1511-28th-St-NW-20007/home/9929621,BRIGHT MLS,1000218472,N,Y,38.9097218,-77.0569298
PAST SALE,June-15-2018,Condo/Co-op,1177 22nd St NW Unit 5B,Washington,DC,20037,1575000,2,2.0,WASHINGTON,1480,,2008,295,1064,1809,Sold,,,http://www.redfin.com/DC/Washington/1177-22nd-St-NW-20037/unit-5B/home/21645518,BRIGHT MLS,1005885723,N,Y,38.9048618,-77.0482951
PAST SALE,November-16-2018,Condo/Co-op,2555 Pennsylvania Ave NW #916,Washington,DC,20037,520000,1,1.0,WASHINGTON,824,,1978,141,631,607,Sold,,,http://www.redfin.com/DC/Washington/2555-Pennsylvania-Ave-NW-20037/unit-916/home/9040297,BRIGHT MLS,1003011398,N,Y,38.9041102,-77.0542479
PAST SALE,October-26-2018,Condo/Co-op,2555 Pennsylvania Ave NW #605,Washington,DC,20037,599000,1,1.0,WASHINGTON,868,,1978,162,690,689,Sold,,,http://www.redfin.com/DC/Washington/2555-Pennsylvania-Ave-NW-20037/unit-605/home/9040002,BRIGHT MLS,1004225252,N,Y,38.9041102,-77.0542479
PAST SALE,September-29-2017,Townhouse,2447 P St NW,WASHINGTON,DC,20007,1662500,4,3.5,WASHINGTON,1431,1966,1900,554,1162,,Sold,,,http://www.redfin.com/DC/Washington/2447-P-St-NW-20007/home/9928557,BRIGHT MLS,1000187283,N,Y,38.9097475,-77.0531408
PAST SALE,July-23-2018,Condo/Co-op,1260 21st St NW #706,Washington,DC,20036,305000,1,1.0,Central,506,,1966,257,603,704,Sold,,,http://www.redfin.com/DC/Washington/1260-21st-St-NW-20036/home/9052414,MRIS,DC10272341,N,Y,38.9064424,-77.0468062
PAST SALE,June-27-2018,Condo/Co-op,2141 P St NW #502,Washington,DC,20037,604250,2,2.0,Central,898,,1980,283,673,540,Sold,,,http://www.redfin.com/DC/Washington/2141-P-St-NW-20037/unit-805/home/9050779,MRIS,DC10232202,N,Y,38.9097771,-77.047516
PAST SALE,December-5-2017,Condo/Co-op,2301 N St NW #606,Washington,DC,20037,693500,2,2.0,WASHINGTON,912,,1991,487,760,864,Sold,,,http://www.redfin.com/DC/Washington/2301-N-St-NW-20037/unit-606/home/9047509,BRIGHT MLS,1003302001,N,Y,38.9073871,-77.05009
PAST SALE,,Condo/Co-op,2425 L St NW Apt 424,Washington,DC,20037,650000,1,1.0,,822,,2006,,791,,,,,http://www.redfin.com/DC/Washington/2425-L-St-NW-20037/unit-424/home/22676149,,,N,Y,38.9041571,-77.0523302
PAST SALE,November-16-2018,Condo/Co-op,1111 24th St NW Ph 107,Washington,DC,20037,1240000,2,2.0,WASHINGTON,1023,,2017,141,1212,1082,Sold,,,http://www.redfin.com/DC/Washington/1111-24th-St-NW-20037/unit-107/home/160523914,BRIGHT MLS,1000258174,N,Y,38.9041312,-77.0511178
PAST SALE,February-16-2018,Townhouse,2629 O St NW,Washington,DC,20007,1025000,2,1.5,WASHINGTON,1205,940,1941,414,851,,Sold,,,http://www.redfin.com/DC/Washington/2629-O-St-NW-20007/home/9928414,BRIGHT MLS,1000990881,N,Y,38.9086467,-77.055713
PAST SALE,October-15-2018,Condo/Co-op,2500 Q St NW #745,Washington,DC,20007,375000,1,1.0,WASHINGTON,886,,1942,173,423,809,Sold,,,http://www.redfin.com/DC/Washington/2500-Q-St-NW-20007/unit-745/home/9929194,BRIGHT MLS,1006073374,N,Y,38.9104655,-77.0524133
PAST SALE,October-16-2018,Parking,2500 Q St NW Unit P-61,Washington,DC,20007,45000,0,,WASHINGTON,,,1943,172,,81,Sold,,,http://www.redfin.com/DC/Washington/2500-Q-St-NW-20007/unit-P-61/home/9929429,BRIGHT MLS,1001845076,N,Y,38.9103711,-77.0520839
PAST SALE,June-13-2018,Condo/Co-op,1280 21st St NW #307,Washington,DC,20036,630000,2,2.0,Central,1275,,1967,297,494,1033,Sold,,,http://www.redfin.com/DC/Washington/1280-21st-St-NW-20036/home/9053123,MRIS,DC10206343,N,Y,38.9068674,-77.0468062
PAST SALE,October-22-2018,Townhouse,2725 N St NW,Washington,DC,20007,2680000,4,4.5,WASHINGTON,2574,1913,1900,166,1041,,Sold,,,http://www.redfin.com/DC/Washington/2725-N-St-NW-20007/home/9926870,BRIGHT MLS,1001410304,N,Y,38.9070821,-77.0567933
PAST SALE,January-2-2018,Condo/Co-op,2120 N St NW #102,Washington,DC,20037,367000,1,1.0,WASHINGTON,478,,1952,459,768,363,Sold,,,http://www.redfin.com/DC/Washington/2120-N-St-NW-20037/unit-102/home/9053718,BRIGHT MLS,1003138661,N,Y,38.907108,-77.0470709
PAST SALE,October-15-2018,Townhouse,2021 Hillyer Pl NW,Washington,DC,20009,2050000,5,3.5,WASHINGTON,3724,1800,1922,173,550,,Sold,,,http://www.redfin.com/DC/Washington/2021-Hillyer-Pl-NW-20009/home/9055964,BRIGHT MLS,1002770064,N,Y,38.9120555,-77.0459846
PAST SALE,March-1-2018,Condo/Co-op,2500 Q St NW #538,Washington,DC,20007,285000,0,1.0,WASHINGTON,528,,1942,401,540,415,Sold,,,http://www.redfin.com/DC/Washington/2500-Q-St-NW-20007/unit-538/home/9929083,BRIGHT MLS,1004387697,N,Y,38.9104655,-77.0524133
PAST SALE,August-7-2018,Condo/Co-op,1111 25th St NW #507,Washington,DC,20037,590000,1,1.0,WASHINGTON,889,,2005,242,664,602,Sold,,,http://www.redfin.com/DC/Washington/1111-25th-St-NW-20037/unit-507/home/10346507,BRIGHT MLS,1001543040,N,Y,38.9045599,-77.0531137
PAST SALE,,Condo/Co-op,1321 21st St NW Apt 3,Washington,DC,20036,440000,1,1.0,,455,,1921,,967,,,,,http://www.redfin.com/DC/Washington/1321-21st-St-NW-20036/unit-3/home/96401353,,,N,Y,38.907914,-77.0462579
PAST SALE,November-16-2018,Townhouse,2705 Poplar St NW,Washington,DC,20007,1150000,3,2.0,WASHINGTON,1320,696,1952,141,871,,Sold,,,http://www.redfin.com/DC/Washington/2705-Poplar-St-NW-20007/home/9928392,BRIGHT MLS,1002699528,N,Y,38.9091007,-77.0559377
PAST SALE,November-19-2018,Condo/Co-op,1414 NW 22nd St NW #26,Washington,DC,20037,1250000,2,2.5,WASHINGTON,1403,,2006,138,891,1350,Sold,,,http://www.redfin.com/DC/Washington/1414-22nd-St-NW-20037/unit-26/home/10346674,BRIGHT MLS,1010010968,N,Y,38.9091062,-77.0489662
PAST SALE,,Condo/Co-op,2425 L St NW,Washington,DC,20037,594000,1,1.0,,810,,2006,,733,,,,,http://www.redfin.com/DC/Washington/2425-L-St-NW-20037/home/22676162,,,N,Y,38.904343,-77.0523268
PAST SALE,July-17-2018,Condo/Co-op,2501 M St NW #310,Washington,DC,20037,2700000,2,2.5,WASHINGTON,1919,,2017,263,1407,1230,Sold,,,http://www.redfin.com/DC/Washington/2501-M-St-NW-20037/unit-310/home/143983624,BRIGHT MLS,1001777613,N,Y,38.9055094,-77.053806
PAST SALE,July-31-2017,Townhouse,2014 Hillyer Pl NW,Washington,DC,20009,1625000,5,3.5,WASHINGTON,2500,1800,1883,614,650,,Sold,,,http://www.redfin.com/DC/Washington/2014-Hillyer-Pl-NW-20009/home/9055939,BRIGHT MLS,1001391765,N,Y,38.9117072,-77.0455848
PAST SALE,,Condo/Co-op,1330 New Hampshire Ave NW #100,Washington,DC,20036,303485,0,1.0,,506,,1963,,600,,,,,http://www.redfin.com/DC/Washington/1330-New-Hampshire-Ave-NW-20036/unit-100/home/9057420,,,N,Y,38.9083086,-77.0451575
PAST SALE,May-12-2017,Condo/Co-op,2301 N St NW #517,Washington,DC,20037,815000,2,2.0,WASHINGTON,1130,,1991,694,721,1042,Sold,,,http://www.redfin.com/DC/Washington/2301-N-St-NW-20037/unit-517/home/9047490,BRIGHT MLS,1001385339,N,Y,38.9073871,-77.05009
PAST SALE,,Condo/Co-op,2555 Pennsylvania Ave NW Apt 512,Washington,DC,20037,650000,1,1.5,,1092,,1978,,595,,,,,http://www.redfin.com/DC/Washington/2555-Pennsylvania-Ave-NW-20037/unit-512/home/9039948,,,N,Y,38.9041102,-77.0542479
PAST SALE,,Condo/Co-op,2425 L St NW Apt 314,Washington,DC,20037,1260000,2,2.0,,1400,,2006,,900,,,,,http://www.redfin.com/DC/Washington/2425-L-St-NW-20037/unit-314/home/22675979,,,N,Y,38.9041571,-77.0523302
PAST SALE,July-21-2017,Condo/Co-op,1121 24TH St NW #201,WASHINGTON,DC,20037,279900,0,1.0,WASHINGTON,390,,1940,624,718,178,Sold,,,http://www.redfin.com/DC/Washington/1121-24th-St-NW-20037/unit-201/home/22655483,BRIGHT MLS,1001393595,N,Y,38.9043982,-77.0510379
PAST SALE,,Condo/Co-op,2425 L St NW Apt 836,Washington,DC,20037,1185000,2,2.0,,1253,,2006,,946,,,,,http://www.redfin.com/DC/Washington/2425-L-St-NW-20037/unit-836/home/22675765,,,N,Y,38.9041571,-77.0523302
PAST SALE,,Condo/Co-op,1111 24th St NW Unit 44,Washington,DC,20037,1515800,2,2.0,,1363,,2017,,1112,,,,,http://www.redfin.com/DC/Washington/1111-24th-St-NW-20037/unit-44/home/144457148,,,N,Y,38.9041312,-77.0511178
PAST SALE,July-13-2017,Condo/Co-op,1414 22nd St NW #34,Washington,DC,20037,1399900,2,2.5,WASHINGTON,1416,,2005,632,989,1370,Sold,,,http://www.redfin.com/DC/Washington/1414-22nd-St-NW-20037/unit-34/home/10346680,BRIGHT MLS,1001389475,N,Y,38.9091062,-77.0489662
PAST SALE,November-21-2017,Condo/Co-op,1177 22nd St NW Unit 2D,Washington,DC,20037,1995000,2,3.0,WASHINGTON,1967,,2008,501,1014,2373,Sold,,,http://www.redfin.com/DC/Washington/1177-22nd-St-NW-20037/unit-2D/home/160461356,BRIGHT MLS,1001817817,N,Y,38.9048618,-77.0482951
PAST SALE,December-1-2017,Condo/Co-op,2555 Pennsylvania Ave NW #901,Washington,DC,20037,690665,1,1.5,WASHINGTON,1256,,1978,491,550,797,Sold,,,http://www.redfin.com/DC/Washington/2555-Pennsylvania-Ave-NW-20037/unit-901/home/9040235,BRIGHT MLS,1000991535,N,Y,38.9046895,-77.0540178
PAST SALE,October-5-2018,Condo/Co-op,1111 25th St NW #101,Washington,DC,20037,590000,2,1.0,WASHINGTON,876,,2005,183,674,602,Sold,,,http://www.redfin.com/DC/Washington/1111-25th-St-NW-20037/unit-101/home/10346457,BRIGHT MLS,1002565160,N,Y,38.9045599,-77.0531137
PAST SALE,,Condo/Co-op,2111 O St NW Unit B,Washington,DC,20037,495000,1,1.0,,633,442,1979,,782,,,,,http://www.redfin.com/DC/Washington/2111-O-St-NW-20037/unit-B/home/9051294,,,N,Y,38.9087531,-77.0472377
PAST SALE,September-27-2018,Townhouse,1421 27th St NW,Washington,DC,20007,890000,3,1.0,Georgetown,1433,961,1910,191,621,,Sold,,,http://www.redfin.com/DC/Washington/1421-27th-St-NW-20007/home/9928408,MRIS,DC10329187,N,Y,38.9090536,-77.0556256
PAST SALE,April-2-2018,Townhouse,2118 O St NW Unit C,Washington,DC,20037,1795000,3,3.5,WASHINGTON,3132,,1900,369,573,208,Sold,,,http://www.redfin.com/DC/Washington/2118-O-St-NW-20037/unit-C/home/9052126,BRIGHT MLS,1000150466,N,Y,38.908357,-77.0474626
PAST SALE,November-20-2018,Condo/Co-op,1330 New Hampshire Ave NW #211,Washington,DC,20036,310000,1,1.0,WASHINGTON,504,,1963,137,615,435,Sold,,,http://www.redfin.com/DC/Washington/1330-New-Hampshire-Ave-NW-20036/unit-211/home/9056717,BRIGHT MLS,1009918870,N,Y,38.9081797,-77.0450162
PAST SALE,May-2-2017,Condo/Co-op,2515 K St NW #509,Washington,DC,20037,295000,1,1.0,WASHINGTON,581,,1939,704,508,593,Sold,,,http://www.redfin.com/DC/Washington/2515-K-St-NW-20037/unit-509/home/9041736,BRIGHT MLS,1001386537,N,Y,38.9026671,-77.05392
PAST SALE,July-24-2018,Condo/Co-op,1404 26th St NW #4,Washington,DC,20007,549900,2,1.0,WASHINGTON,670,,1919,256,821,537,Sold,,,http://www.redfin.com/DC/Washington/1404-26th-St-NW-20007/unit-4/home/9928474,BRIGHT MLS,1000476038,N,Y,38.9087539,-77.0548872
PAST SALE,July-30-2018,Condo/Co-op,2425 L St NW #533,Washington,DC,20037,650000,1,1.0,WASHINGTON,850,,2006,250,765,883,Sold,,,http://www.redfin.com/DC/Washington/2425-L-St-NW-20037/unit-533/home/146959439,BRIGHT MLS,1001823594,N,Y,38.904343,-77.0523268
PAST SALE,April-10-2018,Condo/Co-op,2501 M St NW #715,Washington,DC,20037,950000,2,2.5,WASHINGTON,1321,,1997,361,719,818,Sold,,,http://www.redfin.com/DC/Washington/2501-M-St-NW-20037/unit-715/home/9039611,BRIGHT MLS,1004380051,N,Y,38.9053971,-77.05329
PAST SALE,June-8-2018,Condo/Co-op,1301 20th St NW #709,Washington,DC,20036,333500,1,1.0,WASHINGTON,562,,1973,302,593,626,Sold,,,http://www.redfin.com/DC/Washington/1301-20th-St-NW-20036/unit-709/home/9060308,BRIGHT MLS,1000294436,N,Y,38.9072399,-77.0447037
PAST SALE,,Condo/Co-op,1111 23rd St NW,Washington,DC,20037,2595000,2,2.5,,2682,,2000,,968,,,,,http://www.redfin.com/DC/Washington/1111-23rd-St-NW-20037/home/10182872,,,N,Y,38.9045083,-77.0490526
PAST SALE,,Condo/Co-op,2500 Q St NW Apt 542,Washington,DC,20007,375000,1,1.0,,893,,1942,,420,,,,,http://www.redfin.com/DC/Washington/2500-Q-St-NW-20007/unit-542/home/9929148,,,N,Y,38.9104655,-77.0524133
PAST SALE,,Condo/Co-op,1330 New Hampshire Ave NW Apt 522,Washington,DC,20036,325000,1,1.0,,504,,1963,,645,,,,,http://www.redfin.com/DC/Washington/1330-New-Hampshire-Ave-NW-20036/unit-522/home/9057031,,,N,Y,38.9081797,-77.0450162
PAST SALE,,Condo/Co-op,2201 L St NW Apt 301,Washington,DC,20037,480000,1,1.0,,760,,1967,,632,,,,,http://www.redfin.com/DC/Washington/2201-L-St-NW-20037/unit-301/home/9049467,,,N,Y,38.9038969,-77.0488783
PAST SALE,January-5-2018,Condo/Co-op,2201 Massachusetts Ave NW #5,Washington,DC,20008,584000,1,1.0,WASHINGTON,825,,1900,456,708,536,Sold,,,http://www.redfin.com/DC/Washington/2201-Massachusetts-Ave-NW-20008/unit-5/home/9997417,BRIGHT MLS,1000991709,N,Y,38.9116298,-77.0487234
PAST SALE,April-18-2018,Condo/Co-op,2311 M St NW #1002,Washington,DC,20037,496000,1,1.0,WASHINGTON,794,,1989,353,625,510,Sold,,,http://www.redfin.com/DC/Washington/2311-M-St-NW-20037/unit-1002/home/10191908,BRIGHT MLS,1000301764,N,Y,38.9055269,-77.0507053
PAST SALE,January-3-2018,Condo/Co-op,1514 21st St NW #5,Washington,DC,20036,790000,2,2.5,WASHINGTON,1514,,1996,458,522,608,Sold,,,http://www.redfin.com/DC/Washington/1514-21st-St-NW-20036/unit-5/home/9051160,BRIGHT MLS,1003643937,N,Y,38.9102067,-77.0469582
PAST SALE,March-23-2018,Condo/Co-op,1111 24TH St NW #95,WASHINGTON,DC,20037,1960400,2,2.0,WASHINGTON,1602,,2016,379,1224,1673,Sold,,,http://www.redfin.com/DC/Washington/1111-24th-St-NW-20037/unit-95/home/110088877,BRIGHT MLS,1000186343,N,Y,38.9041312,-77.0511178
PAST SALE,July-31-2018,Condo/Co-op,1260 21st St NW #605,Washington,DC,20036,310000,1,1.0,WASHINGTON,534,,1966,249,581,740,Sold,,,http://www.redfin.com/DC/Washington/1260-21st-St-NW-20036/unit-605/home/9052379,BRIGHT MLS,1001975320,N,Y,38.9064424,-77.0468062
PAST SALE,November-20-2017,Condo/Co-op,1330 New Hampshire Ave NW #1003,Washington,DC,20036,303485,0,1.0,WASHINGTON,506,,1963,502,600,436,Sold,,,http://www.redfin.com/DC/Washington/1330-New-Hampshire-Ave-NW-20036/unit-1003/home/145798139,BRIGHT MLS,1001567999,N,Y,38.9083086,-77.0451575
PAST SALE,,Condo/Co-op,2201 L St NW Apt 619,Washington,DC,20037,288000,0,1.0,,510,,1967,,565,,,,,http://www.redfin.com/DC/Washington/2201-L-St-NW-20037/unit-619/home/9050049,,,N,Y,38.9038969,-77.0488783
PAST SALE,February-22-2018,Condo/Co-op,2516 Q St NW Unit C301,Washington,DC,20007,1090000,2,2.0,WASHINGTON,1180,,1922,408,924,686,Sold,,,http://www.redfin.com/DC/Washington/2516-Q-St-NW-20007/unit-C301/home/21644600,BRIGHT MLS,1004473385,N,Y,38.9100706,-77.0539167
PAST SALE,June-27-2018,Condo/Co-op,2141 P St NW #502,Washington,DC,20037,604250,2,2.0,WASHINGTON,898,,1980,283,673,540,Sold,,,http://www.redfin.com/DC/Washington/2141-P-St-NW-20037/unit-502/home/146959434,BRIGHT MLS,1000515094,N,Y,38.9097767,-77.0479735
PAST SALE,,Condo/Co-op,1260 21st St NW Apt 1012,Washington,DC,20036,379900,1,1.0,,554,,1966,,686,,,,,http://www.redfin.com/DC/Washington/1260-21st-St-NW-20036/unit-1012/home/9052295,,,N,Y,38.9064424,-77.0468062
PAST SALE,January-29-2018,Condo/Co-op,1111 24th St NW #98,Washington,DC,20037,780000,1,1.5,WASHINGTON,750,,2018,432,1040,803,Sold,,,http://www.redfin.com/DC/Washington/1111-24th-St-NW-20037/unit-98/home/145427939,BRIGHT MLS,DCDC308090,N,Y,38.9041312,-77.0511178
PAST SALE,July-13-2018,Condo/Co-op,1260 21st St NW #404,Washington,DC,20036,315000,1,1.0,WASHINGTON,643,,1966,267,490,891,Sold,,,http://www.redfin.com/DC/Washington/1260-21st-St-NW-20036/unit-404/home/9052342,BRIGHT MLS,1001486672,N,Y,38.9064424,-77.0468062
PAST SALE,April-20-2018,Condo/Co-op,1330 New Hampshire Ave NW #1009,Washington,DC,20036,300000,0,1.0,WASHINGTON,435,,1963,351,690,358,Sold,,,http://www.redfin.com/DC/Washington/1330-New-Hampshire-Ave-NW-20036/unit-1009/home/143302029,BRIGHT MLS,1000288224,N,Y,38.90816,-77.0452812
PAST SALE,May-30-2018,Townhouse,2144 Newport Pl NW,Washington,DC,20037,932500,2,1.5,WASHINGTON,1148,840,1900,311,812,,Sold,,,http://www.redfin.com/DC/Washington/2144-Newport-Pl-NW-20037/home/9051583,BRIGHT MLS,1000434732,N,Y,38.9078019,-77.0479686
PAST SALE,October-17-2018,Condo/Co-op,2425 L St NW #504,Washington,DC,20037,1310000,2,2.0,WASHINGTON,1478,,2006,171,886,1308,Sold,,,http://www.redfin.com/DC/Washington/2425-L-St-NW-20037/unit-504/home/11745712,BRIGHT MLS,1001975500,N,Y,38.9041571,-77.0523302
PAST SALE,September-19-2017,Condo/Co-op,2500 Q St NW #549,Washington,DC,20007,399999,1,1.0,WASHINGTON,899,,1942,564,445,753,Sold,,,http://www.redfin.com/DC/Washington/2500-Q-St-NW-20007/unit-549/home/9929236,BRIGHT MLS,1000187377,N,Y,38.9104655,-77.0524133
PAST SALE,January-5-2018,Townhouse,2730 Dumbarton St NW,Washington,DC,20007,1570000,3,2.5,WASHINGTON,1390,890,1900,456,1129,,Sold,,,http://www.redfin.com/DC/Washington/2730-Dumbarton-St-NW-20007/home/9926928,BRIGHT MLS,1003769027,N,Y,38.9075497,-77.056885
PAST SALE,September-6-2018,Condo/Co-op,1301 20th St NW #915,Washington,DC,20036,267000,0,1.0,WASHINGTON,467,,1973,212,572,492,Sold,,,http://www.redfin.com/DC/Washington/1301-20th-St-NW-20036/unit-915/home/9060463,BRIGHT MLS,1001922192,N,Y,38.9072399,-77.0447037
PAST SALE,May-25-2018,Condo/Co-op,1301 20th St NW #401,Washington,DC,20036,262000,0,1.0,WASHINGTON,437,,1973,316,600,484,Sold,,,http://www.redfin.com/DC/Washington/1301-20th-St-NW-20036/unit-401/home/9060081,BRIGHT MLS,1000363366,N,Y,38.9072399,-77.0447037
PAST SALE,June-6-2018,Condo/Co-op,1111 25th St NW #802,Washington,DC,20037,460000,1,1.0,WASHINGTON,620,,2005,304,742,417,Sold,,,http://www.redfin.com/DC/Washington/1111-25th-St-NW-20037/unit-802/home/146166862,BRIGHT MLS,1000259260,N,Y,38.9045789,-77.0529714
PAST SALE,December-15-2017,Townhouse,1313 22nd St NW,Washington,DC,20037,1595000,4,2.5,WASHINGTON,,1600,1900,477,,,Sold,,,http://www.redfin.com/DC/Washington/1313-22nd-St-NW-20037/home/9051422,BRIGHT MLS,1004121263,N,Y,38.907716,-77.0485422
PAST SALE,July-13-2018,Condo/Co-op,1140 23rd St NW #807,Washington,DC,20037,419900,1,1.0,WASHINGTON,727,,1981,267,578,583,Sold,,,http://www.redfin.com/DC/Washington/1140-23rd-St-NW-20037/unit-807/home/9048265,BRIGHT MLS,1001802266,N,Y,38.9043473,-77.0502824
PAST SALE,,Condo/Co-op,1308 21st St NW Apt 202,Washington,DC,20036,212000,1,1.0,,461,,1925,,460,,,,,http://www.redfin.com/DC/Washington/1308-21st-St-NW-20036/unit-202/home/9052163,,,N,Y,38.9075409,-77.0468017
PAST SALE,February-15-2018,Condo/Co-op,1111 24th St NW Unit 4F,Washington,DC,20037,2400400,2,2.0,WASHINGTON,2127,,2017,415,1129,2244,Sold,,,http://www.redfin.com/DC/Washington/1111-24th-St-NW-20037/unit-4F/home/143812465,BRIGHT MLS,1000991019,N,Y,38.9041312,-77.0511178
PAST SALE,December-4-2017,Condo/Co-op,2500 Q St NW #129,Washington,DC,20007,285500,0,1.0,WASHINGTON,526,,1942,488,543,538,Sold,,,http://www.redfin.com/DC/Washington/2500-Q-St-NW-20007/unit-129/home/9928938,BRIGHT MLS,1002718703,N,Y,38.9104655,-77.0524133
PAST SALE,June-29-2018,Condo/Co-op,2500 Q St NW #102,Washington,DC,20007,626000,2,2.0,WASHINGTON,1041,,1942,281,601,584,Sold,,,http://www.redfin.com/DC/Washington/2500-Q-St-NW-20007/unit-102/home/9928597,BRIGHT MLS,1000358900,N,Y,38.9104655,-77.0524133
PAST SALE,,Condo/Co-op,2141 P St NW Apt 901,Washington,DC,20037,425000,1,1.0,,660,,1980,,644,,,,,http://www.redfin.com/DC/Washington/2141-P-St-NW-20037/unit-901/home/9050902,,,N,Y,38.9097771,-77.047516
PAST SALE,June-12-2018,Condo/Co-op,2201 L St NW #409,Washington,DC,20037,308000,0,1.0,WASHINGTON,490,,1967,298,629,427,Sold,,,http://www.redfin.com/DC/Washington/2201-L-St-NW-20037/unit-409/home/9049718,BRIGHT MLS,1001461390,N,Y,38.9038969,-77.0488783
PAST SALE,October-25-2017,Condo/Co-op,2501 K St NW Unit 1B,Washington,DC,20037,379000,1,1.5,WASHINGTON,668,,1981,528,567,312,Sold,,,http://www.redfin.com/DC/Washington/2501-K-St-NW-20037/unit-1B/home/9041867,BRIGHT MLS,1001016199,N,Y,38.902805,-77.0535088
PAST SALE,November-3-2017,Condo/Co-op,1111 24th St NW Unit 2R,Washington,DC,20037,998000,2,2.0,WASHINGTON,962,,2017,519,1037,1017,Sold,,,http://www.redfin.com/DC/Washington/1111-24th-St-NW-20037/unit-2R/home/112897368,BRIGHT MLS,1000186413,N,Y,38.9041312,-77.0511178
PAST SALE,April-19-2018,Townhouse,2016 Hillyer Pl NW,Washington,DC,20009,2150000,3,2.5,WASHINGTON,2304,1620,1897,352,933,,Sold,,,http://www.redfin.com/DC/Washington/2016-Hillyer-Pl-NW-20009/home/9055935,BRIGHT MLS,1004388291,N,Y,38.9117223,-77.0457198
PAST SALE,August-31-2018,Condo/Co-op,1230 23rd St NW #501,Washington,DC,20037,445000,1,1.0,WASHINGTON,590,,1989,218,754,661,Sold,,,http://www.redfin.com/DC/Washington/1230-23rd-St-NW-20037/unit-501/home/9047588,BRIGHT MLS,1002201538,N,Y,38.9058704,-77.0502704
PAST SALE,May-22-2018,Condo/Co-op,1280 21st St NW #908,Washington,DC,20036,319000,1,1.0,WASHINGTON,522,,1967,319,611,473,Sold,,,http://www.redfin.com/DC/Washington/1280-21st-St-NW-20036/unit-908/home/9053362,BRIGHT MLS,1000361954,N,Y,38.9068674,-77.0468062
PAST SALE,August-17-2018,Condo/Co-op,1415 21st St NW Ph 2A,Washington,DC,20036,895000,2,2.5,Central,1349,,1910,232,663,478,Sold,,,http://www.redfin.com/DC/Washington/1415-21st-St-NW-20036/home/9056400,MRIS,DC10262490,N,Y,38.9092016,-77.0464935
PAST SALE,,Condo/Co-op,2130 N St NW Apt 103,Washington,DC,20037,252000,0,1.0,,426,,1947,,592,,,,,http://www.redfin.com/DC/Washington/2130-N-St-NW-20037/unit-103/home/9053501,,,N,Y,38.9071056,-77.0472923
PAST SALE,July-12-2018,Condo/Co-op,1140 23rd St NW #301,Washington,DC,20037,379000,1,1.0,Central,673,,1981,268,563,549,Sold,,,http://www.redfin.com/DC/Washington/1140-23rd-St-NW-20037/home/9048075,MRIS,DC10223756,N,Y,38.9046514,-77.0504648
PAST SALE,December-15-2017,Condo/Co-op,1111 24th St NW #57,Washington,DC,20037,1265000,2,2.0,WASHINGTON,1212,,2017,477,1044,1272,Sold,,,http://www.redfin.com/DC/Washington/1111-24th-St-NW-20037/unit-57/home/144575172,BRIGHT MLS,1004372413,N,Y,38.9041312,-77.0511178
PAST SALE,August-6-2018,Townhouse,1132 25th St NW,Washington,DC,20037,1625000,3,3.5,WASHINGTON,2343,1615,1900,243,694,,Sold,,,http://www.redfin.com/DC/Washington/1132-25th-St-NW-20037/home/9039648,BRIGHT MLS,1000252914,N,Y,38.9048459,-77.0535343
PAST SALE,July-10-2018,Condo/Co-op,1121 24th St NW #203,Washington,DC,20037,349999,1,1.0,WASHINGTON,402,,1940,270,871,268,Sold,,,http://www.redfin.com/DC/Washington/1121-24th-St-NW-20037/unit-203/home/23068244,BRIGHT MLS,1001665576,N,Y,38.9043982,-77.0510379
PAST SALE,June-15-2018,Condo/Co-op,1330 New Hampshire Ave NW #919,Washington,DC,20036,295000,0,1.0,WASHINGTON,540,,1963,295,546,445,Sold,,,http://www.redfin.com/DC/Washington/1330-New-Hampshire-Ave-NW-20036/unit-919/home/146959495,BRIGHT MLS,1001744886,N,Y,38.9083086,-77.0451575
PAST SALE,,Unknown,2501 M St NW Unit 402,Washington,DC,20037,2948000,,,,,,,,,,,,,http://www.redfin.com/DC/Washington/2501-M-St-NW-20037/unit-402/home/144918522,,,N,Y,38.905507,-77.0537929
PAST SALE,,Unknown,2501 M St NW Unit T09,Washington,DC,20037,758000,,,,,,,,,,,,,http://www.redfin.com/DC/Washington/2501-M-St-NW-20037/unit-T09/home/144918518,,,N,Y,38.905507,-77.0537929
PAST SALE,March-14-2018,Condo/Co-op,2501 M St NW #311,Washington,DC,20037,2025000,2,2.5,WASHINGTON,1692,,2017,388,1197,1180,Sold,,,http://www.redfin.com/DC/Washington/2501-M-St-NW-20037/unit-311/home/145241916,BRIGHT MLS,1000315162,N,Y,38.905507,-77.0537929
PAST SALE,November-1-2018,Townhouse,2710 Poplar St NW,Washington,DC,20007,780000,1,2.0,WASHINGTON,900,900,1900,156,867,,Sold,,,http://www.redfin.com/DC/Washington/2710-Poplar-St-NW-20007/home/9928316,BRIGHT MLS,1008362824,N,Y,38.9089087,-77.0563002
PAST SALE,May-7-2018,Condo/Co-op,2555 Pennsylvania Ave NW #902,Washington,DC,20037,1499000,2,2.5,WASHINGTON,2163,,1978,334,693,1452,Sold,,,http://www.redfin.com/DC/Washington/2555-Pennsylvania-Ave-NW-20037/unit-902/home/9040239,BRIGHT MLS,1000276444,N,Y,38.9041102,-77.0542479
PAST SALE,April-13-2018,Townhouse,2726 O St NW,Washington,DC,20007,1455000,3,2.5,WASHINGTON,2304,979,1952,358,632,,Sold,,,http://www.redfin.com/DC/Washington/2726-O-St-NW-20007/home/9927029,BRIGHT MLS,1000991539,N,Y,38.9084261,-77.0567388
PAST SALE,June-15-2018,Condo/Co-op,2500 Q St NW #722,Washington,DC,20007,375000,1,1.0,Georgetown,696,,1942,295,539,686,Sold,,,http://www.redfin.com/DC/Washington/2500-Q-St-NW-20007/unit-PS-65/home/9928830,MRIS,DC10247974,N,Y,38.9103711,-77.0520839
PAST SALE,August-31-2018,Townhouse,2710 O St NW,Washington,DC,20007,1250000,2,2.5,WASHINGTON,1724,1800,1900,218,725,,Sold,,,http://www.redfin.com/DC/Washington/2710-O-St-NW-20007/home/9926988,BRIGHT MLS,1001946440,N,Y,38.9083845,-77.0562777
PAST SALE,May-17-2018,Condo/Co-op,1320 21st St NW #406,Washington,DC,20036,279000,0,1.0,WASHINGTON,402,,1919,324,694,220,Sold,,,http://www.redfin.com/DC/Washington/1320-21st-St-NW-20036/unit-406/home/9051824,BRIGHT MLS,1000448810,N,Y,38.9078976,-77.0467962
PAST SALE,April-20-2018,Condo/Co-op,1121 24th St NW #306,Washington,DC,20037,435000,1,1.0,WASHINGTON,650,,1940,351,669,305,Sold,,,http://www.redfin.com/DC/Washington/1121-24th-St-NW-20037/unit-306/home/22655156,BRIGHT MLS,1000272328,N,Y,38.9043982,-77.0510379
PAST SALE,August-15-2018,Condo/Co-op,1124 25th St NW #205,Washington,DC,20037,615000,2,2.5,WASHINGTON,770,,1910,234,799,493,Sold,,,http://www.redfin.com/DC/Washington/1124-25th-St-NW-20037/unit-205/home/9040547,BRIGHT MLS,1000409122,N,Y,38.9046912,-77.0534662
PAST SALE,December-15-2017,Condo/Co-op,1111 24th St NW #87,Washington,DC,20037,1075000,2,2.0,WASHINGTON,1023,,2016,477,1051,1074,Sold,,,http://www.redfin.com/DC/Washington/1111-24th-St-NW-20037/unit-87/home/144581031,BRIGHT MLS,1004372667,N,Y,38.9041312,-77.0511178
PAST SALE,July-7-2017,Condo/Co-op,1111 25th St NW #622,Washington,DC,20037,600000,2,1.0,WASHINGTON,739,,2005,638,812,514,Sold,,,http://www.redfin.com/DC/Washington/1111-25th-St-NW-20037/unit-622/home/10350845,BRIGHT MLS,1001393719,N,Y,38.9045599,-77.0531137
PAST SALE,,Condo/Co-op,2600 Pennsylvania Ave NW,Washington,DC,20037,907000,2,2.0,,1126,,2001,,806,,,,,http://www.redfin.com/DC/Washington/2600-Pennsylvania-Ave-NW-20037/home/10182537,,,N,Y,38.9039454,-77.0550747
PAST SALE,,Condo/Co-op,2727 P St NW,Washington,DC,20007,737500,5,1.5,,2582,,1900,,286,,,,,http://www.redfin.com/DC/Washington/2727-P-St-NW-20007/home/9929658,,,N,Y,38.9095596,-77.0564689
PAST SALE,June-21-2018,Townhouse,2708 P St NW,Washington,DC,20007,2100000,4,3.5,WASHINGTON,2082,2484,1900,289,1009,,Sold,,,http://www.redfin.com/DC/Washington/2708-P-St-NW-20007/home/9928354,BRIGHT MLS,1000301290,N,Y,38.9091994,-77.0560304
PAST SALE,March-8-2018,Townhouse,2704 Dumbarton St NW,Washington,DC,20007,1125000,3,1.5,WASHINGTON,1230,597,1900,394,915,,Sold,,,http://www.redfin.com/DC/Washington/2704-Dumbarton-St-NW-20007/home/9926903,BRIGHT MLS,1000142840,N,Y,38.9075628,-77.0560109
PAST SALE,July-6-2018,Condo/Co-op,1140 23rd St NW #704,Washington,DC,20037,699000,2,2.0,WASHINGTON,991,,1981,274,705,802,Sold,,,http://www.redfin.com/DC/Washington/1140-23rd-St-NW-20037/unit-704/home/146959588,BRIGHT MLS,1001580162,N,Y,38.9046514,-77.0504648
PAST SALE,February-8-2018,Condo/Co-op,2501 M St NW #409,WASHINGTON,DC,20037,793000,1,2.0,WASHINGTON,1020,,2017,422,777,654,Sold,,,http://www.redfin.com/DC/Washington/2501-M-St-NW-20037/unit-409/home/144918520,BRIGHT MLS,1000202506,N,Y,38.905507,-77.0537929
PAST SALE,June-15-2018,Condo/Co-op,2555 Pennsylvania Ave NW #809,Washington,DC,20037,1120000,2,2.0,WASHINGTON,1375,,1978,295,815,1085,Sold,,,http://www.redfin.com/DC/Washington/2555-Pennsylvania-Ave-NW-20037/unit-809/home/9040188,BRIGHT MLS,1000369724,N,Y,38.9041102,-77.0542479
PAST SALE,February-20-2018,Condo/Co-op,1330 New Hampshire Ave NW #408,Washington,DC,20036,545000,1,2.0,WASHINGTON,802,,1963,410,680,699,Sold,,,http://www.redfin.com/DC/Washington/1330-New-Hampshire-Ave-NW-20036/unit-408/home/9056887,BRIGHT MLS,1004316949,N,Y,38.9083086,-77.0451575
PAST SALE,November-29-2017,Parking,2500 Q St NW Unit P-80,Washington,DC,20007,42500,0,,WASHINGTON,,,1942,493,,75,Sold,,,http://www.redfin.com/DC/Washington/2500-Q-St-NW-20007/unit-P-80/home/9929473,BRIGHT MLS,1000125341,N,Y,38.9103711,-77.0520839
PAST SALE,June-19-2018,Condo/Co-op,1260 21st St NW #107,Washington,DC,20036,297500,1,1.0,WASHINGTON,506,,1966,291,588,704,Sold,,,http://www.redfin.com/DC/Washington/1260-21st-St-NW-20036/unit-107/home/9052424,BRIGHT MLS,1000462566,N,Y,38.9064424,-77.0468062
PAST SALE,April-30-2018,Townhouse,1525 26th St NW,Washington,DC,20007,805000,2,2.0,WASHINGTON,832,689,1846,341,968,,Sold,,,http://www.redfin.com/DC/Washington/1525-26th-St-NW-20007/home/9928489,BRIGHT MLS,1000276012,N,Y,38.9100033,-77.0546137
PAST SALE,May-30-2018,Townhouse,1415 27th St NW,Washington,DC,20007,880000,1,1.5,WASHINGTON,1530,674,1953,311,575,,Sold,,,http://www.redfin.com/DC/Washington/1415-27th-St-NW-20007/home/9928435,BRIGHT MLS,1000322188,N,Y,38.908925,-77.055705
PAST SALE,April-10-2018,Condo/Co-op,1260 21st St NW #814,Washington,DC,20036,255000,0,1.0,WASHINGTON,418,,1966,361,610,577,Sold,,,http://www.redfin.com/DC/Washington/1260-21st-St-NW-20036/unit-814/home/9052749,BRIGHT MLS,1000164810,N,Y,38.9064424,-77.0468062
PAST SALE,May-14-2018,Townhouse,1124 25th St NW Unit T2,Washington,DC,20037,653000,2,2.5,WASHINGTON,920,,1910,327,710,482,Sold,,,http://www.redfin.com/DC/Washington/1124-25th-St-NW-20037/unit-T2/home/9040489,BRIGHT MLS,1000289044,N,Y,38.9046912,-77.0534662
PAST SALE,March-27-2018,Condo/Co-op,1330 New Hampshire Ave NW #916,Washington,DC,20036,525000,2,2.0,WASHINGTON,1014,,1963,375,518,911,Sold,,,http://www.redfin.com/DC/Washington/1330-New-Hampshire-Ave-NW-20036/unit-916/home/9057565,BRIGHT MLS,1004260149,N,Y,38.9081797,-77.0450162
PAST SALE,March-6-2018,Condo/Co-op,2301 N St NW #417,Washington,DC,20037,799000,2,2.0,WASHINGTON,1130,,1991,396,707,1073,Sold,,,http://www.redfin.com/DC/Washington/2301-N-St-NW-20037/unit-417/home/9047423,BRIGHT MLS,1004101665,N,Y,38.9073871,-77.05009
PAST SALE,July-25-2018,Condo/Co-op,1177 22nd St NW Unit 9-A,Washington,DC,20037,1825000,2,2.0,WASHINGTON,1793,,2008,255,1018,2191,Sold,,,http://www.redfin.com/DC/Washington/1177-22nd-St-NW-20037/unit-9-A/home/146958909,BRIGHT MLS,1000299932,N,Y,38.9048618,-77.0482951
PAST SALE,December-22-2017,Condo/Co-op,1111 24th St NW #91,Washington,DC,20037,3203200,2,2.0,WASHINGTON,2385,,2016,470,1343,2507,Sold,,,http://www.redfin.com/DC/Washington/1111-24th-St-NW-20037/unit-91/home/110088916,BRIGHT MLS,1000186357,N,Y,38.9041312,-77.0511178
PAST SALE,May-18-2018,Condo/Co-op,2201 L St NW #503,Washington,DC,20037,429000,1,1.0,WASHINGTON,594,,1967,323,722,502,Sold,,,http://www.redfin.com/DC/Washington/2201-L-St-NW-20037/unit-503/home/9049590,BRIGHT MLS,1000332506,N,Y,38.9038969,-77.0488783
PAST SALE,,Condo/Co-op,2425 L St NW Apt 429,Washington,DC,20037,790000,1,1.5,,957,,2006,,825,,,,,http://www.redfin.com/DC/Washington/2425-L-St-NW-20037/unit-429/home/12415760,,,N,Y,38.9041571,-77.0523302
PAST SALE,June-2-2017,Condo/Co-op,2425 L St NW #700,Washington,DC,20037,4750000,3,3.5,WASHINGTON,3690,,2006,673,1287,3225,Sold,,,http://www.redfin.com/DC/Washington/2425-L-St-NW-20037/unit-700/home/11745898,BRIGHT MLS,1001385359,N,Y,38.9041571,-77.0523302
PAST SALE,June-12-2018,Condo/Co-op,1121 24th St NW #207,Washington,DC,20037,525000,2,1.0,West End,561,,1940,298,936,415,Sold,,,http://www.redfin.com/DC/Washington/1121-24th-St-NW-20037/home/21645364,MRIS,DC10230545,N,Y,38.9043982,-77.0510379
PAST SALE,February-2-2018,Condo/Co-op,2501 M St NW #212,Washington,DC,20037,1898600,2,2.5,WASHINGTON,1340,,2017,428,1417,834,Sold,,,http://www.redfin.com/DC/Washington/2501-M-St-NW-20037/unit-212/home/113710121,BRIGHT MLS,1000123193,N,Y,38.905507,-77.0537929
PAST SALE,June-21-2018,Condo/Co-op,1111 23rd St NW Unit 3G,Washington,DC,20037,890000,2,2.0,WASHINGTON,1115,,2000,289,798,1695,Sold,,,http://www.redfin.com/DC/Washington/1111-23rd-St-NW-20037/unit-3G/home/148034377,BRIGHT MLS,1000472978,N,Y,38.9045083,-77.0490526
PAST SALE,June-25-2018,Condo/Co-op,1275 25th St NW #707,Washington,DC,20037,605000,2,1.0,WASHINGTON,849,,1990,285,713,365,Sold,,,http://www.redfin.com/DC/Washington/1275-25th-St-NW-20037/unit-707/home/146254584,BRIGHT MLS,1000288460,N,Y,38.9069154,-77.0530573
PAST SALE,May-21-2018,Condo/Co-op,2515 K St NW #404,Washington,DC,20037,349900,1,1.0,WASHINGTON,772,,1939,320,453,811,Sold,,,http://www.redfin.com/DC/Washington/2515-K-St-NW-20037/unit-404/home/9041587,BRIGHT MLS,1000365744,N,Y,38.9026671,-77.05392
PAST SALE,,Condo/Co-op,1301 20th St NW Apt 416,Washington,DC,20036,256000,0,1.0,,467,,1973,,548,,,,,http://www.redfin.com/DC/Washington/1301-20th-St-NW-20036/unit-416/home/9060140,,,N,Y,38.9072399,-77.0447037
PAST SALE,March-20-2018,Condo/Co-op,1177 22nd St NW Unit 7H,Washington,DC,20037,1549900,2,2.0,WASHINGTON,1401,,2008,382,1106,1690,Sold,,,http://www.redfin.com/DC/Washington/1177-22nd-St-NW-20037/unit-7H/home/21645498,BRIGHT MLS,1005921837,N,Y,38.9048618,-77.0482951
PAST SALE,June-26-2018,Condo/Co-op,2201 L St NW #112,Washington,DC,20037,315000,0,1.0,WASHINGTON,475,,1967,284,663,408,Sold,,,http://www.redfin.com/DC/Washington/2201-L-St-NW-20037/unit-112/home/9049621,BRIGHT MLS,1000339338,N,Y,38.9038969,-77.0488783
PAST SALE,May-29-2018,Townhouse,2715 P St NW,Washington,DC,20007,2140000,6,6.5,WASHINGTON,2714,1953,1893,312,789,,Sold,,,http://www.redfin.com/DC/Washington/2715-P-St-NW-20007/home/9929643,BRIGHT MLS,1000177192,N,Y,38.9095681,-77.0560978
PAST SALE,April-11-2018,Condo/Co-op,1330 New Hampshire Ave NW #625,Washington,DC,20036,440000,1,1.0,WASHINGTON,765,,1917,360,575,639,Sold,,,http://www.redfin.com/DC/Washington/1330-New-Hampshire-Ave-NW-20036/unit-625/home/9056757,BRIGHT MLS,1000183622,N,Y,38.9081797,-77.0450162
PAST SALE,June-22-2017,Townhouse,2457 P St NW,Washington,DC,20007,1900000,5,4.5,WASHINGTON,2809,3410,1900,653,676,,Sold,,,http://www.redfin.com/DC/Washington/2457-P-St-NW-20007/home/9928568,BRIGHT MLS,1001380851,N,Y,38.9096738,-77.0534668
PAST SALE,August-14-2017,Condo/Co-op,1155 23rd St NW Unit N6C,Washington,DC,20037,1360000,2,2.5,WASHINGTON,1859,,2000,600,732,2691,Sold,,,http://www.redfin.com/DC/Washington/1155-23rd-St-NW-20037/unit-N6C/home/146960135,BRIGHT MLS,1000080202,N,Y,38.9048068,-77.0497606
PAST SALE,,Condo/Co-op,1260 21st St NW Apt 103,Washington,DC,20036,301000,1,1.0,,478,,1966,,630,,,,,http://www.redfin.com/DC/Washington/1260-21st-St-NW-20036/unit-103/home/9052303,,,N,Y,38.9064424,-77.0468062
PAST SALE,May-30-2017,Condo/Co-op,2425 L St NW #541,Washington,DC,20037,1435000,2,2.0,WASHINGTON,1540,,2006,676,932,1364,Sold,,,http://www.redfin.com/DC/Washington/2425-L-St-NW-20037/unit-541/home/11745873,BRIGHT MLS,1001389239,N,Y,38.9041571,-77.0523302
PAST SALE,August-30-2017,Condo/Co-op,2500 Q St NW #326,Washington,DC,20007,405000,1,1.0,WASHINGTON,868,,1942,584,467,761,Sold,,,http://www.redfin.com/DC/Washington/2500-Q-St-NW-20007/unit-326/home/9928891,BRIGHT MLS,1001395165,N,Y,38.9104655,-77.0524133
PAST SALE,October-16-2017,Condo/Co-op,1111 25th St NW #501,Washington,DC,20037,680000,2,2.0,WASHINGTON,974,,2005,537,698,609,Sold,,,http://www.redfin.com/DC/Washington/1111-25th-St-NW-20037/unit-501/home/10346499,BRIGHT MLS,1000162771,N,Y,38.9045599,-77.0531137
PAST SALE,May-30-2018,Condo/Co-op,1410 26th St NW #2,Washington,DC,20007,575000,2,1.0,WASHINGTON,726,,1919,311,792,582,Sold,,,http://www.redfin.com/DC/Washington/1410-26th-St-NW-20007/unit-2/home/9928479,BRIGHT MLS,1000420720,N,Y,38.9086795,-77.0549262
PAST SALE,June-18-2018,Condo/Co-op,2501 M St NW Unit T-06,Washington,DC,20037,1104000,2,2.0,WASHINGTON,1186,,2017,292,931,760,Sold,,,http://www.redfin.com/DC/Washington/2501-M-St-NW-20037/unit-T-06/home/144409058,BRIGHT MLS,1004256897,N,Y,38.9055094,-77.053806
PAST SALE,June-12-2018,Condo/Co-op,1121 24th St NW #207,Washington,DC,20037,525000,2,1.0,WASHINGTON,561,,1940,298,936,415,Sold,,,http://www.redfin.com/DC/Washington/1121-24th-St-NW-20037/unit-207/home/146959416,BRIGHT MLS,1000487400,N,Y,38.9043982,-77.0510379
PAST SALE,May-10-2018,Townhouse,2117 N St NW #2,Washington,DC,20037,675000,2,2.0,WASHINGTON,868,,1900,331,778,179,Sold,,,http://www.redfin.com/DC/Washington/2117-N-St-NW-20037/unit-2/home/9052100,BRIGHT MLS,1000343972,N,Y,38.9073832,-77.0469861
PAST SALE,March-19-2018,Condo/Co-op,2130 N St NW #201,Washington,DC,20037,271000,0,1.0,WASHINGTON,436,,1947,383,622,370,Sold,,,http://www.redfin.com/DC/Washington/2130-N-St-NW-20037/unit-201/home/9053535,BRIGHT MLS,1000157564,N,Y,38.9071056,-77.0472923
PAST SALE,September-25-2017,Condo/Co-op,1260 21st St NW #215,Washington,DC,20036,260000,0,1.0,WASHINGTON,427,,1966,558,609,569,Sold,,,http://www.redfin.com/DC/Washington/1260-21st-St-NW-20036/unit-215/home/9052760,BRIGHT MLS,1000186891,N,Y,38.9064424,-77.0468062
PAST SALE,July-26-2018,Condo/Co-op,1301 20th St NW #804,Washington,DC,20036,488500,2,2.0,Central,695,,1973,254,703,782,Sold,,,http://www.redfin.com/DC/Washington/1301-20th-St-NW-20036/home/9060358,MRIS,DC10236633,N,Y,38.9072399,-77.0447037
PAST SALE,March-29-2018,Condo/Co-op,1301 20th St NW #607,Washington,DC,20036,340000,1,1.0,WASHINGTON,565,,1973,373,602,615,Sold,,,http://www.redfin.com/DC/Washington/1301-20th-St-NW-20036/unit-607/home/9060239,BRIGHT MLS,1004462223,N,Y,38.9072399,-77.0447037
PAST SALE,,Condo/Co-op,1330 New Hampshire Ave NW #100,Washington,DC,20036,300000,0,1.0,,405,,1963,,741,,,,,http://www.redfin.com/DC/Washington/1330-New-Hampshire-Ave-NW-20036/unit-100/home/9057443,,,N,Y,38.9083086,-77.0451575
PAST SALE,,Condo/Co-op,1330 New Hampshire Ave NW,Washington,DC,20036,330000,1,1.0,,504,,1963,,655,,,,,http://www.redfin.com/DC/Washington/1330-New-Hampshire-Ave-NW-20036/home/9057490,,,N,Y,38.9083086,-77.0451575
PAST SALE,October-20-2017,Townhouse,1615 21st St NW,Washington,DC,20009,1670000,5,3.5,WASHINGTON,2608,1047,1910,533,640,,Sold,,,http://www.redfin.com/DC/Washington/1615-21st-St-NW-20009/home/9056049,BRIGHT MLS,1000187703,N,Y,38.9120264,-77.0463495
PAST SALE,,Townhouse,2209 Massachusetts Ave NW,Washington,DC,20008,4202500,8,7.0,,5920,2500,1911,,710,,,,,http://www.redfin.com/DC/Washington/2209-Massachusetts-Ave-NW-20008/home/21648563,,,N,Y,38.9121011,-77.0492785
PAST SALE,May-4-2018,Condo/Co-op,1330 New Hampshire Ave NW #1023,Washington,DC,20036,330000,0,1.0,WASHINGTON,504,,1963,337,655,445,Sold,,,http://www.redfin.com/DC/Washington/1330-New-Hampshire-Ave-NW-20036/unit-1023/home/145855248,BRIGHT MLS,1000335848,N,Y,38.9083086,-77.0451575
PAST SALE,August-8-2018,Condo/Co-op,3 Washington Cir NW #703,Washington,DC,20037,427500,1,1.5,WASHINGTON,1036,,1909,241,413,933,Sold,,,http://www.redfin.com/DC/Washington/3-Washington-Cir-NW-20037/unit-703/home/9048510,BRIGHT MLS,1001986840,N,Y,38.9028297,-77.0508464
PAST SALE,March-2-2018,Condo/Co-op,2425 L St NW #229,WASHINGTON,DC,20037,840000,1,1.5,WASHINGTON,1058,,2006,400,794,865,Sold,,,http://www.redfin.com/DC/Washington/2425-L-St-NW-20037/unit-000229/home/11745771,BRIGHT MLS,1000123054,N,Y,38.904343,-77.0523268
PAST SALE,,Condo/Co-op,3 Washington Cir NW Apt 903,Washington,DC,20037,404000,1,1.5,,908,,1909,,445,,,,,http://www.redfin.com/DC/Washington/3-Washington-Cir-NW-20037/unit-903/home/9048558,,,N,Y,38.9028297,-77.0508464
PAST SALE,August-16-2018,Condo/Co-op,1111 23rd St NW Unit 3C,Washington,DC,20037,1325000,2,2.5,WASHINGTON,1813,,2000,233,731,2592,Sold,,,http://www.redfin.com/DC/Washington/1111-23rd-St-NW-20037/unit-3C/home/112997584,BRIGHT MLS,1000333298,N,Y,38.9045083,-77.0490526
PAST SALE,April-5-2018,Condo/Co-op,2425 L St NW #908,Washington,DC,20037,1200000,2,2.0,WASHINGTON,1550,,2006,366,774,1232,Sold,,,http://www.redfin.com/DC/Washington/2425-L-St-NW-20037/unit-000908/home/11745823,BRIGHT MLS,1004444191,N,Y,38.904343,-77.0523268
PAST SALE,August-17-2018,Condo/Co-op,1415 21st St NW Ph 2A,Washington,DC,20036,895000,2,2.5,WASHINGTON,1349,,1910,232,663,478,Sold,,,http://www.redfin.com/DC/Washington/1415-21st-St-NW-20036/unit-2A/home/146959396,BRIGHT MLS,1001795086,N,Y,38.9092016,-77.0464935
PAST SALE,February-27-2018,Condo/Co-op,2501 M St NW #207,Washington,DC,20037,1108000,2,2.0,WASHINGTON,1175,,2017,403,943,735,Sold,,,http://www.redfin.com/DC/Washington/2501-M-St-NW-20037/unit-207/home/113709385,BRIGHT MLS,1000186503,N,Y,38.905507,-77.0537929
PAST SALE,June-1-2018,Condo/Co-op,1511 22nd St NW #44,Washington,DC,20037,376500,1,1.0,WASHINGTON,623,,1917,309,604,314,Sold,,,http://www.redfin.com/DC/Washington/1511-22nd-St-NW-20037/unit-44/home/9051129,BRIGHT MLS,1000870140,N,Y,38.9099846,-77.0486137
PAST SALE,,Condo/Co-op,2425 L St NW Apt 628,Washington,DC,20037,800000,1,1.0,,922,,2006,,868,,,,,http://www.redfin.com/DC/Washington/2425-L-St-NW-20037/unit-628/home/22676747,,,N,Y,38.9041571,-77.0523302
PAST SALE,May-11-2018,Condo/Co-op,1321 21st St NW #5,Washington,DC,20036,890000,2,2.5,WASHINGTON,1120,,1921,330,795,286,Sold,,,http://www.redfin.com/DC/Washington/1321-21st-St-NW-20036/unit-5/home/81803205,BRIGHT MLS,1000371944,N,Y,38.907914,-77.0462579
PAST SALE,May-7-2018,Condo/Co-op,2555 Pennsylvania Ave NW #401,Washington,DC,20037,1200000,2,2.0,WASHINGTON,1590,,1978,334,755,1120,Sold,,,http://www.redfin.com/DC/Washington/2555-Pennsylvania-Ave-NW-20037/unit-401/home/145857892,BRIGHT MLS,1000361676,N,Y,38.9046895,-77.0540178
PAST SALE,August-7-2018,Condo/Co-op,2500 Q St NW #526,Washington,DC,20007,360000,1,1.0,WASHINGTON,868,,1942,242,415,780,Sold,,,http://www.redfin.com/DC/Washington/2500-Q-St-NW-20007/unit-526/home/9928898,BRIGHT MLS,1000468398,N,Y,38.9104655,-77.0524133
PAST SALE,July-12-2018,Condo/Co-op,2501 M St NW #501,Washington,DC,20037,1850000,2,2.5,WASHINGTON,1649,,2017,268,1122,1057,Sold,,,http://www.redfin.com/DC/Washington/2501-M-St-NW-20037/unit-501/home/144408972,BRIGHT MLS,1004256741,N,Y,38.9055094,-77.053806
PAST SALE,April-12-2018,Condo/Co-op,1111 24th St NW #103,Washington,DC,20037,4369745,3,3.0,WASHINGTON,2919,,2016,359,1497,3074,Sold,,,http://www.redfin.com/DC/Washington/1111-24th-St-NW-20037/unit-103/home/110088876,BRIGHT MLS,1000186309,N,Y,38.9041312,-77.0511178
PAST SALE,May-15-2018,Condo/Co-op,3 Washington Cir NW #504,Washington,DC,20037,457500,2,1.5,WASHINGTON,1020,,1909,326,449,828,Sold,,,http://www.redfin.com/DC/Washington/3-Washington-Cir-NW-20037/unit-504/home/145853417,BRIGHT MLS,1000197406,N,Y,38.903287,-77.0504648
PAST SALE,July-11-2018,Condo/Co-op,2114 N St NW #16,Washington,DC,20037,370000,1,1.0,WASHINGTON,545,,1926,269,679,358,Sold,,,http://www.redfin.com/DC/Washington/2114-N-St-NW-20037/unit-16/home/146959583,BRIGHT MLS,1001187924,N,Y,38.9070595,-77.0474406
PAST SALE,August-21-2018,Condo/Co-op,2301 N St NW #117,Washington,DC,20037,790000,2,2.0,WASHINGTON,1164,,1991,228,679,1105,Sold,,,http://www.redfin.com/DC/Washington/2301-N-St-NW-20037/unit-117/home/146130431,BRIGHT MLS,1001957442,N,Y,38.9074908,-77.0507346
PAST SALE,May-29-2018,Townhouse,1415 21st St NW Unit B,Washington,DC,20036,455000,1,1.0,WASHINGTON,824,,1910,312,552,301,Sold,,,http://www.redfin.com/DC/Washington/1415-21st-St-NW-20036/unit-B/home/9056391,BRIGHT MLS,1000407520,N,Y,38.9092016,-77.0464935
PAST SALE,January-16-2018,Condo/Co-op,1111 24th St NW #84,Washington,DC,20037,2120000,2,2.0,WASHINGTON,1723,,2016,445,1230,1849,Sold,,,http://www.redfin.com/DC/Washington/1111-24th-St-NW-20037/unit-84/home/144712919,BRIGHT MLS,1004472925,N,Y,38.9041312,-77.0511178
PAST SALE,November-9-2017,Condo/Co-op,1111 24th St NW #54,Washington,DC,20037,1284900,3,3.0,WASHINGTON,1183,,2017,513,1086,1241,Sold,,,http://www.redfin.com/DC/Washington/1111-24th-St-NW-20037/unit-54/home/144414892,BRIGHT MLS,1004372421,N,Y,38.9041312,-77.0511178
PAST SALE,June-21-2018,Condo/Co-op,2500 Q St NW #132,Washington,DC,20007,418000,1,1.0,WASHINGTON,1067,,1942,289,392,789,Sold,,,http://www.redfin.com/DC/Washington/2500-Q-St-NW-20007/unit-132/home/9928984,BRIGHT MLS,1000293702,N,Y,38.9104655,-77.0524133
PAST SALE,May-9-2018,Condo/Co-op,1111 25th St NW #509,Washington,DC,20037,545000,1,1.0,WASHINGTON,800,,2005,332,681,559,Sold,,,http://www.redfin.com/DC/Washington/1111-25th-St-NW-20037/unit-509/home/10346510,BRIGHT MLS,1004554311,N,Y,38.9045599,-77.0531137
PAST SALE,June-4-2018,Condo/Co-op,1332 21st St NW #101,Washington,DC,20036,350000,1,1.0,WASHINGTON,519,,1921,306,674,261,Sold,,,http://www.redfin.com/DC/Washington/1332-21st-St-NW-20036/unit-101/home/10175558,BRIGHT MLS,1000386762,N,Y,38.9080007,-77.0467979
PAST SALE,June-29-2018,Condo/Co-op,2500 Q St NW #644,Washington,DC,20007,399999,1,1.0,WASHINGTON,809,,1942,281,494,800,Sold,,,http://www.redfin.com/DC/Washington/2500-Q-St-NW-20007/unit-644/home/9929177,BRIGHT MLS,1000339980,N,Y,38.9104655,-77.0524133
PAST SALE,,Condo/Co-op,2023 O St NW,Washington,DC,20036,1500000,9,4.0,,2438,1596,1900,,615,,,,,http://www.redfin.com/DC/Washington/2023-O-St-NW-20036/home/9056136,,,N,Y,38.9087533,-77.0460796
PAST SALE,,Townhouse,2109 N St NW,Washington,DC,20037,1410000,3,4.0,,1544,1473,1914,,913,,,,,http://www.redfin.com/DC/Washington/2109-N-St-NW-20037/home/9051647,,,N,Y,38.9074189,-77.0473277
PAST SALE,June-3-2018,Condo/Co-op,1001 26th St NW #506,Washington,DC,20037,505000,2,1.0,Foggy Bottom,808,,1978,307,625,500,Sold,,,http://www.redfin.com/DC/Washington/1001-26th-St-NW-20037/home/9040839,MRIS,DC10206942,N,Y,38.9029371,-77.0545216
PAST SALE,,Condo/Co-op,2555 Pennsylvania Ave NW Apt 708,Washington,DC,20037,565000,1,1.5,,944,,1978,,599,,,,,http://www.redfin.com/DC/Washington/2555-Pennsylvania-Ave-NW-20037/unit-708/home/9040096,,,N,Y,38.9041102,-77.0542479
PAST SALE,June-25-2018,Condo/Co-op,1111 23rd St NW Unit 4F,Washington,DC,20037,2595000,2,2.5,WASHINGTON,2680,,2000,285,968,4080,Sold,,,http://www.redfin.com/DC/Washington/1111-23rd-St-NW-20037/unit-4F/home/146164947,BRIGHT MLS,1001975550,N,Y,38.9045083,-77.0490526
PAST SALE,,Condo/Co-op,2425 L St NW Apt 528,Washington,DC,20037,737500,2,1.0,,900,,2006,,819,,,,,http://www.redfin.com/DC/Washington/2425-L-St-NW-20037/unit-528/home/22676157,,,N,Y,38.9041571,-77.0523302
PAST SALE,,Condo/Co-op,2425 L St NW Apt 114,Washington,DC,20037,1275000,2,2.0,,1400,,2006,,911,,,,,http://www.redfin.com/DC/Washington/2425-L-St-NW-20037/unit-114/home/22653224,,,N,Y,38.9041571,-77.0523302
PAST SALE,July-12-2018,Condo/Co-op,1140 23rd St NW #301,Washington,DC,20037,379000,1,1.0,WASHINGTON,673,,1981,268,563,549,Sold,,,http://www.redfin.com/DC/Washington/1140-23rd-St-NW-20037/unit-301/home/146959350,BRIGHT MLS,1000458336,N,Y,38.9046514,-77.0504648
PAST SALE,,Condo/Co-op,1111 24th St NW,Washington,DC,20037,3375000,3,3.0,,2477,,2017,,1363,,,,,http://www.redfin.com/DC/Washington/1111-24th-St-NW-20037/home/145074914,,,N,Y,38.9041312,-77.0511178
PAST SALE,May-17-2018,Condo/Co-op,1111 24th St NW Ph 106,Washington,DC,20037,3375000,3,3.0,WASHINGTON,2477,,2018,324,1363,2649,Sold,,,http://www.redfin.com/DC/Washington/1111-24th-St-NW-20037/unit-106/home/146166736,BRIGHT MLS,1000232866,N,Y,38.9041312,-77.0511178
PAST SALE,,Condo/Co-op,1111 24th St NW Unit 42,Washington,DC,20037,1610000,3,3.5,,1515,,2017,,1063,,,,,http://www.redfin.com/DC/Washington/1111-24th-St-NW-20037/unit-42/home/144360743,,,N,Y,38.9041312,-77.0511178
PAST SALE,,Condo/Co-op,1111 24th St NW Unit 35,Washington,DC,20037,1885000,2,2.0,,1723,,2017,,1094,,,,,http://www.redfin.com/DC/Washington/1111-24th-St-NW-20037/unit-35/home/144329963,,,N,Y,38.9041312,-77.0511178
PAST SALE,January-22-2018,Condo/Co-op,1111 24th St NW Unit 10-D,Washington,DC,20037,2097254,2,2.0,WASHINGTON,1602,,2016,439,1309,1673,Sold,,,http://www.redfin.com/DC/Washington/1111-24th-St-NW-20037/unit-10-D/home/109415163,BRIGHT MLS,1000186349,N,Y,38.9041312,-77.0511178
PAST SALE,February-20-2018,Condo/Co-op,1111 25th St NW #717,Washington,DC,20037,839999,2,2.0,WASHINGTON,1106,,2005,410,759,759,Sold,,,http://www.redfin.com/DC/Washington/1111-25th-St-NW-20037/unit-717/home/10346585,BRIGHT MLS,1004398355,N,Y,38.9045599,-77.0531137
PAST SALE,April-16-2018,Condo/Co-op,1511 22nd St NW #34,Washington,DC,20037,415000,1,1.0,WASHINGTON,678,,1917,355,612,314,Sold,,,http://www.redfin.com/DC/Washington/1511-22nd-St-NW-20037/unit-34/home/9051116,BRIGHT MLS,1000269542,N,Y,38.9099846,-77.0486137
PAST SALE,February-16-2018,Condo/Co-op,2516 Q St NW Unit Q301,Washington,DC,20007,1400000,2,2.5,WASHINGTON,1677,,1922,414,835,1073,Sold,,,http://www.redfin.com/DC/Washington/2516-Q-St-NW-20007/unit-Q301/home/21644609,BRIGHT MLS,1000990753,N,Y,38.9100706,-77.0539167
PAST SALE,May-25-2018,Townhouse,2511 P St NW,Washington,DC,20007,1800000,4,4.5,WASHINGTON,2016,3228,1951,316,893,,Sold,,,http://www.redfin.com/DC/Washington/2511-P-St-NW-20007/home/9928573,BRIGHT MLS,1000361190,N,Y,38.909589,-77.0539616
PAST SALE,August-15-2018,Condo/Co-op,1177 22nd St NW Unit 4E,Washington,DC,20037,1029900,2,2.0,WASHINGTON,1138,,2008,234,905,1373,Sold,,,http://www.redfin.com/DC/Washington/1177-22nd-St-NW-20037/unit-4E/home/21645524,BRIGHT MLS,1001511322,N,Y,38.9048618,-77.0482951
PAST SALE,August-20-2018,Condo/Co-op,1099 22nd St NW #606,Washington,DC,20037,803000,2,2.5,WASHINGTON,1372,,1985,229,585,1013,Sold,,,http://www.redfin.com/DC/Washington/1099-22nd-St-NW-20037/unit-606/home/145719249,BRIGHT MLS,1001650712,N,Y,38.9033953,-77.0485658
PAST SALE,June-6-2018,Condo/Co-op,2201 L St NW Unit G14,Washington,DC,20037,38200,0,1.0,WASHINGTON,,,1964,304,,18,Sold,,,http://www.redfin.com/DC/Washington/2201-L-St-NW-20037/unit-G14/home/145273124,BRIGHT MLS,1000340270,N,Y,38.9039683,-77.0493854
PAST SALE,December-7-2017,Condo/Co-op,1177 22nd St NW Unit 4A,Washington,DC,20037,1500000,2,2.0,WASHINGTON,1445,,2008,485,1038,1743,Sold,,,http://www.redfin.com/DC/Washington/1177-22nd-St-NW-20037/unit-4A/home/23066963,BRIGHT MLS,1001724791,N,Y,38.9048618,-77.0482951
PAST SALE,August-13-2018,Condo/Co-op,2501 M St NW #308,Washington,DC,20037,2170000,2,2.5,WASHINGTON,1842,,2017,236,1178,1180,Sold,,,http://www.redfin.com/DC/Washington/2501-M-St-NW-20037/unit-308/home/143983644,BRIGHT MLS,1001777293,N,Y,38.9055094,-77.053806
PAST SALE,November-14-2017,Condo/Co-op,1111 25th St NW #606,Washington,DC,20037,840000,2,2.0,WASHINGTON,1183,,2005,508,710,725,Sold,,,http://www.redfin.com/DC/Washington/1111-25th-St-NW-20037/unit-606/home/10346542,BRIGHT MLS,1001016157,N,Y,38.9045599,-77.0531137
PAST SALE,,Townhouse,2508 East Pl NW,Washington,DC,20007,1662500,3,1.5,,1154,1800,1952,,1441,,,,,http://www.redfin.com/DC/Washington/2508-East-Pl-NW-20007/home/9928524,,,N,Y,38.909966,-77.054208
PAST SALE,February-3-2018,Single Family Residential,2030 Hillyer Pl NW,Washington,DC,20009,4100000,7,7.5,WASHINGTON,8200,3600,1897,427,500,,Sold,,,http://www.redfin.com/DC/Washington/2030-Hillyer-Pl-NW-20009/home/9056067,BRIGHT MLS,1000122791,N,Y,38.9117203,-77.046237
PAST SALE,September-29-2017,Condo/Co-op,2201 L St NW #117,Washington,DC,20037,295000,0,1.0,WASHINGTON,500,,1967,554,590,400,Sold,,,http://www.redfin.com/DC/Washington/2201-L-St-NW-20037/unit-117/home/9049775,BRIGHT MLS,1000186969,N,Y,38.9039683,-77.0493854
PAST SALE,November-20-2017,Condo/Co-op,1111 24th St NW #56,Washington,DC,20037,2814745,2,2.0,WASHINGTON,2415,,2017,502,1166,2535,Sold,,,http://www.redfin.com/DC/Washington/1111-24th-St-NW-20037/unit-56/home/144575170,BRIGHT MLS,1004372419,N,Y,38.9041312,-77.0511178
PAST SALE,June-3-2018,Condo/Co-op,1001 26th St NW #506,Washington,DC,20037,505000,2,1.0,WASHINGTON,808,,1978,307,625,500,Sold,,,http://www.redfin.com/DC/Washington/1001-26th-St-NW-20037/unit-506/home/146167103,BRIGHT MLS,1000389336,N,Y,38.9029371,-77.0545216
PAST SALE,July-12-2018,Condo/Co-op,2301 N St NW #511,Washington,DC,20037,620000,2,2.0,WASHINGTON,950,,1991,268,653,878,Sold,,,http://www.redfin.com/DC/Washington/2301-N-St-NW-20037/unit-511/home/9047471,BRIGHT MLS,1000320278,N,Y,38.9073871,-77.05009
PAST SALE,March-22-2018,Condo/Co-op,2501 Pennsylvania Ave NW Unit 2A,Washington,DC,20037,2200000,2,2.5,WASHINGTON,2732,,2009,380,805,2690,Sold,,,http://www.redfin.com/DC/Washington/2501-Pennsylvania-Ave-NW-20037/unit-2A/home/28495878,BRIGHT MLS,1004410079,N,Y,38.9040089,-77.0537602
PAST SALE,June-25-2018,Townhouse,2613 Dumbarton St NW,Washington,DC,20007,5250000,4,5.5,WASHINGTON,4090,7200,1830,285,1284,,Sold,,,http://www.redfin.com/DC/Washington/2613-Dumbarton-St-NW-20007/home/9926956,BRIGHT MLS,1001491052,N,Y,38.9078633,-77.0552995
PAST SALE,May-31-2018,Condo/Co-op,2600 Pennsylvania Ave NW #702,Washington,DC,20037,907000,2,2.0,WASHINGTON,1126,,2001,310,806,975,Sold,,,http://www.redfin.com/DC/Washington/2600-Pennsylvania-Ave-NW-20037/unit-702/home/82058788,BRIGHT MLS,1000346834,N,Y,38.9039969,-77.0547827
PAST SALE,March-5-2018,Condo/Co-op,2501 M St NW #504,WASHINGTON,DC,20037,1276800,2,2.0,WASHINGTON,1284,,2017,397,994,721,Sold,,,http://www.redfin.com/DC/Washington/2501-M-St-NW-20037/unit-504/home/145232331,BRIGHT MLS,1000306220,N,Y,38.905507,-77.0537929
PAST SALE,December-18-2017,Condo/Co-op,1140 23rd St NW #508,Washington,DC,20037,370000,1,1.0,WASHINGTON,653,,1981,474,567,504,Sold,,,http://www.redfin.com/DC/Washington/1140-23rd-St-NW-20037/unit-508/home/9048172,BRIGHT MLS,1000125303,N,Y,38.9043473,-77.0502824
PAST SALE,June-15-2018,Condo/Co-op,2500 Q St NW #722,Washington,DC,20007,375000,1,1.0,WASHINGTON,696,,1942,295,539,686,Sold,,,http://www.redfin.com/DC/Washington/2500-Q-St-NW-20007/unit-722/home/9929440,BRIGHT MLS,1001542254,N,Y,38.9104655,-77.0524133
PAST SALE,January-19-2018,Condo/Co-op,2425 L St NW #528,Washington,DC,20037,737500,2,1.0,WASHINGTON,931,,2006,442,792,865,Sold,,,http://www.redfin.com/DC/Washington/2425-L-St-NW-20037/unit-000528/home/11745812,BRIGHT MLS,1001413417,N,Y,38.904343,-77.0523268
PAST SALE,,Unknown,2501 M St NW Unit 309,Washington,DC,20037,770000,,,,,,,,,,,,,http://www.redfin.com/DC/Washington/2501-M-St-NW-20037/unit-309/home/145029444,,,N,Y,38.905507,-77.0537929
PAST SALE,June-21-2018,Condo/Co-op,1111 23rd St NW Unit 3G,Washington,DC,20037,890000,2,2.0,West End,1115,,2000,289,798,1695,Sold,,,http://www.redfin.com/DC/Washington/3-Washington-Cir-NW-20037/unit-3G/home/10182888,MRIS,DC10226829,N,Y,38.903287,-77.0504648
PAST SALE,November-5-2018,Condo/Co-op,2425 L St NW #520,Washington,DC,20037,594000,1,1.0,WASHINGTON,810,,2006,152,733,748,Sold,,,http://www.redfin.com/DC/Washington/2425-L-St-NW-20037/unit-000520/home/11745807,BRIGHT MLS,1001808582,N,Y,38.904343,-77.0523268
PAST SALE,,Condo/Co-op,2425 L St NW Apt 218,Washington,DC,20037,615000,1,1.0,,850,,2006,,724,,,,,http://www.redfin.com/DC/Washington/2425-L-St-NW-20037/unit-218/home/11745764,,,N,Y,38.9041571,-77.0523302
PAST SALE,April-6-2018,Condo/Co-op,1260 21st St NW #1008,Washington,DC,20036,350000,1,1.0,WASHINGTON,676,,1966,365,518,938,Sold,,,http://www.redfin.com/DC/Washington/1260-21st-St-NW-20036/unit-1008/home/9052281,BRIGHT MLS,1000217514,N,Y,38.9064424,-77.0468062
PAST SALE,June-14-2017,Condo/Co-op,1111 23rd St NW Unit S2D,Washington,DC,20037,1310000,2,2.5,WASHINGTON,1760,,2000,661,744,2641,Sold,,,http://www.redfin.com/DC/Washington/1111-23rd-St-NW-20037/unit-S2D/home/145737204,BRIGHT MLS,1001388101,N,Y,38.9045083,-77.0490526
PAST SALE,August-4-2017,Townhouse,2707 Dumbarton St NW,Washington,DC,20007,1575000,4,3.0,WASHINGTON,2019,2363,1830,610,780,,Sold,,,http://www.redfin.com/DC/Washington/2707-Dumbarton-St-NW-20007/home/9926963,BRIGHT MLS,1001393219,N,Y,38.9078439,-77.056199
PAST SALE,July-10-2017,Condo/Co-op,1177 22nd St NW Unit 1E,Washington,DC,20037,1200000,2,2.5,WASHINGTON,1596,,2008,635,752,1925,Sold,,,http://www.redfin.com/DC/Washington/1177-22nd-St-NW-20037/unit-1E/home/21645351,BRIGHT MLS,1001389657,N,Y,38.9048618,-77.0482951
PAST SALE,June-19-2017,Condo/Co-op,1275 25th St NW #702,Washington,DC,20037,609000,2,1.0,WASHINGTON,814,,1990,656,748,376,Sold,,,http://www.redfin.com/DC/Washington/1275-25th-St-NW-20037/unit-702/home/9043420,BRIGHT MLS,1001393357,N,Y,38.9066493,-77.0531137
PAST SALE,April-10-2017,Condo/Co-op,1155 23rd St NW Unit 5L,Washington,DC,20037,980000,2,2.0,WASHINGTON,1324,,2000,726,740,1890,Sold,,,http://www.redfin.com/DC/Washington/1155-23rd-St-NW-20037/unit-5L/home/17033363,BRIGHT MLS,1001373457,N,Y,38.9048068,-77.0497606
PAST SALE,July-14-2017,Condo/Co-op,1111 25th St NW #408,Washington,DC,20037,669000,1,2.0,WASHINGTON,1040,,2005,631,643,638,Sold,,,http://www.redfin.com/DC/Washington/1111-25th-St-NW-20037/unit-408/home/10346492,BRIGHT MLS,1003356633,N,Y,38.9045599,-77.0531137
PAST SALE,May-17-2017,Condo/Co-op,2425 L St NW #114,Washington,DC,20037,1275000,2,2.0,WASHINGTON,1512,,2006,689,843,1385,Sold,,,http://www.redfin.com/DC/Washington/2425-L-St-NW-20037/unit-000114/home/11745756,BRIGHT MLS,1001383807,N,Y,38.904343,-77.0523268
PAST SALE,August-21-2017,Townhouse,2455 P St NW,Washington,DC,20007,2445000,4,3.5,WASHINGTON,2880,3093,1900,593,849,,Sold,,,http://www.redfin.com/DC/Washington/2455-P-St-NW-20007/home/9928551,BRIGHT MLS,1001393537,N,Y,38.9097276,-77.0533207
PAST SALE,June-21-2017,Condo/Co-op,1111 25th St NW #822,Washington,DC,20037,575000,2,1.0,WASHINGTON,739,,2005,654,778,520,Sold,,,http://www.redfin.com/DC/Washington/1111-25th-St-NW-20037/unit-822/home/10346610,BRIGHT MLS,1001390475,N,Y,38.9045599,-77.0531137
PAST SALE,May-25-2017,Condo/Co-op,1155 23rd St NW Ph 3M,Washington,DC,20037,1800000,2,2.5,WASHINGTON,2099,800,2000,681,858,3213,Sold,,,http://www.redfin.com/DC/Washington/1155-23rd-St-NW-20037/unit-3M/home/10182755,BRIGHT MLS,1001386071,N,Y,38.9048068,-77.0497606
PAST SALE,May-8-2017,Townhouse,1323 21st St NW,Washington,DC,20036,2300000,5,4.5,WASHINGTON,4310,3103,1921,698,534,,Sold,,,http://www.redfin.com/DC/Washington/1323-21st-St-NW-20036/home/12534366,BRIGHT MLS,1001386337,N,Y,38.907976,-77.0463045
PAST SALE,August-1-2017,Townhouse,2445 P St NW,Washington,DC,20007,2100000,4,3.5,WASHINGTON,2571,2547,1889,613,817,,Sold,,,http://www.redfin.com/DC/Washington/2445-P-St-NW-20007/home/9928555,BRIGHT MLS,1001394159,N,Y,38.9097374,-77.0530508
PAST SALE,May-1-2017,Condo/Co-op,1155 23rd St NW Unit 5A,Washington,DC,20037,2362500,3,3.5,WASHINGTON,2845,,2000,705,830,4125,Sold,,,http://www.redfin.com/DC/Washington/1155-23rd-St-NW-20037/unit-5A/home/113217805,BRIGHT MLS,1001385175,N,Y,38.9048068,-77.0497606
PAST SALE,June-9-2017,Condo/Co-op,2201 L St NW #118,Washington,DC,20037,324000,0,1.0,WASHINGTON,510,,1967,666,635,420,Sold,,,http://www.redfin.com/DC/Washington/2201-L-St-NW-20037/unit-118/home/9049778,BRIGHT MLS,1003374277,N,Y,38.9038969,-77.0488783
PAST SALE,July-24-2017,Condo/Co-op,2201 L St NW #712,Washington,DC,20037,289900,0,1.0,WASHINGTON,475,,1974,621,610,378,Sold,,,http://www.redfin.com/DC/Washington/2201-L-St-NW-20037/unit-712/home/9049671,BRIGHT MLS,1001395029,N,Y,38.9038969,-77.0488783
PAST SALE,July-27-2017,Condo/Co-op,1155 23rd St NW Unit 6A,Washington,DC,20037,2675000,2,3.5,WASHINGTON,2850,,2000,618,939,3318,Sold,,,http://www.redfin.com/DC/Washington/1155-23rd-St-NW-20037/unit-6A/home/10182567,BRIGHT MLS,1001396065,N,Y,38.9048068,-77.0497606
PAST SALE,May-22-2017,Condo/Co-op,2201 L St NW #418,Washington,DC,20037,295000,0,1.0,WASHINGTON,514,,1967,684,574,400,Sold,,,http://www.redfin.com/DC/Washington/2201-L-St-NW-20037/unit-418/home/9050012,BRIGHT MLS,1001388469,N,Y,38.9038969,-77.0488783
PAST SALE,July-21-2017,Condo/Co-op,1155 23rd St NW Unit 6F,Washington,DC,20037,799900,1,2.0,WASHINGTON,978,,2000,624,818,1405,Sold,,,http://www.redfin.com/DC/Washington/1155-23rd-St-NW-20037/unit-6F/home/113215040,BRIGHT MLS,1001385305,N,Y,38.9048068,-77.0497606
PAST SALE,August-14-2017,Condo/Co-op,1155 23rd St NW Unit 3-M,Washington,DC,20037,810000,1,2.0,WASHINGTON,1094,,2000,600,740,1541,Sold,,,http://www.redfin.com/DC/Washington/1155-23rd-St-NW-20037/unit-3M/home/112981063,BRIGHT MLS,1001393863,N,Y,38.9048068,-77.0497606
PAST SALE,,Condo/Co-op,1155 23rd St NW Apt 3M,Washington,DC,20037,810000,1,2.0,,1094,,2000,,740,,,,,http://www.redfin.com/DC/Washington/1155-23rd-St-NW-20037/unit-3M/home/10182738,,,N,Y,38.9048068,-77.0497606
PAST SALE,,Condo/Co-op,1155 23rd St NW Apt 6F,Washington,DC,20037,799999,1,2.0,,978,,2000,,818,,,,,http://www.redfin.com/DC/Washington/1155-23rd-St-NW-20037/unit-6F/home/10182663,,,N,Y,38.9048068,-77.0497606
PAST SALE,,Condo/Co-op,1155 23rd St NW Apt 6C,Washington,DC,20037,1360000,2,2.5,,1859,,2000,,732,,,,,http://www.redfin.com/DC/Washington/1155-23rd-St-NW-20037/unit-6C/home/10182610,,,N,Y,38.9048068,-77.0497606
PAST SALE,,Condo/Co-op,1111 23rd St NW Apt 2D,Washington,DC,20037,1310000,2,2.5,,1760,,2000,,744,,,,,http://www.redfin.com/DC/Washington/1111-23rd-St-NW-20037/unit-2D/home/10182828,,,N,Y,38.9045083,-77.0490526
PAST SALE,June-15-2017,Condo/Co-op,1099 22nd St NW #1009,Washington,DC,20037,805000,2,2.5,WASHINGTON,1404,,1985,660,573,983,Sold,,,http://www.redfin.com/DC/Washington/1099-22nd-St-NW-20037/unit-1009/home/9054068,BRIGHT MLS,1001387247,N,Y,38.9037228,-77.0486954
PAST SALE,May-1-2017,Condo/Co-op,1155 23rd St NW Unit 5E,Washington,DC,20037,2350000,2,3.0,WASHINGTON,3096,,2000,705,759,4655,Sold,,,http://www.redfin.com/DC/Washington/1155-23rd-St-NW-20037/unit-5E/home/77426370,BRIGHT MLS,1003951511,N,Y,38.9048068,-77.0497606
PAST SALE,June-14-2017,Condo/Co-op,3 Washington Cir NW #107,Washington,DC,20037,345000,1,1.5,WASHINGTON,750,,1909,661,460,766,Sold,,,http://www.redfin.com/DC/Washington/3-Washington-Cir-NW-20037/unit-107/home/9048425,BRIGHT MLS,1001385529,N,Y,38.9028297,-77.0508464
PAST SALE,July-28-2017,Condo/Co-op,1121 24th St NW #305,Washington,DC,20037,495000,2,1.0,WASHINGTON,647,,1940,617,765,348,Sold,,,http://www.redfin.com/DC/Washington/1121-24th-St-NW-20037/unit-305/home/21645361,BRIGHT MLS,1001393227,N,Y,38.9043982,-77.0510379
PAST SALE,April-18-2017,Condo/Co-op,2301 N St NW #501,Washington,DC,20037,668000,2,2.0,WASHINGTON,878,,1991,718,761,846,Sold,,,http://www.redfin.com/DC/Washington/2301-N-St-NW-20037/unit-501/home/9047427,BRIGHT MLS,1002360534,N,Y,38.9073871,-77.05009
PAST SALE,August-10-2017,Condo/Co-op,2500 Q St NW #111,Washington,DC,20007,424000,1,1.0,WASHINGTON,1014,,1942,604,418,821,Sold,,,http://www.redfin.com/DC/Washington/2500-Q-St-NW-20007/unit-111/home/9928697,BRIGHT MLS,1001390223,N,Y,38.9104655,-77.0524133
PAST SALE,December-22-2017,Condo/Co-op,1111 24TH St NW #78,WASHINGTON,DC,20037,806000,1,1.0,WASHINGTON,750,,2017,470,1075,787,Sold,,,http://www.redfin.com/DC/Washington/1111-24th-St-NW-20037/unit-78/home/144575171,BRIGHT MLS,1004372423,N,Y,38.9041312,-77.0511178
PAST SALE,December-18-2017,Condo/Co-op,1111 24th St NW #25,Washington,DC,20037,2669500,3,3.0,WASHINGTON,2338,,2016,474,1142,2409,Sold,,,http://www.redfin.com/DC/Washington/1111-24th-St-NW-20037/unit-25/home/144575169,BRIGHT MLS,1004372403,N,Y,38.9041312,-77.0511178
PAST SALE,September-12-2017,Condo/Co-op,1301 20th St NW #517,Washington,DC,20036,282000,0,1.0,WASHINGTON,502,,1973,571,562,527,Sold,,,http://www.redfin.com/DC/Washington/1301-20th-St-NW-20036/unit-517/home/9060215,BRIGHT MLS,1001396201,N,Y,38.9072399,-77.0447037
PAST SALE,June-9-2017,Townhouse,1526 26th St NW,Washington,DC,20007,745000,1,1.0,WASHINGTON,624,743,1900,666,1194,,Sold,,,http://www.redfin.com/DC/Washington/1526-26th-St-NW-20007/home/9929611,BRIGHT MLS,1001388893,N,Y,38.9100387,-77.0549285
PAST SALE,November-30-2017,Condo/Co-op,1330 New Hampshire Ave NW #220,Washington,DC,20036,268000,0,1.0,WASHINGTON,504,,1963,492,532,435,Sold,,,http://www.redfin.com/DC/Washington/1330-New-Hampshire-Ave-NW-20036/unit-220/home/9056753,BRIGHT MLS,1000124681,N,Y,38.9081797,-77.0450162
PAST SALE,November-28-2017,Condo/Co-op,1111 24th St NW #42,Washington,DC,20037,1610000,2,2.0,WASHINGTON,1515,,2017,494,1063,1596,Sold,,,http://www.redfin.com/DC/Washington/1111-24th-St-NW-20037/unit-42/home/113157909,BRIGHT MLS,1000186439,N,Y,38.9041312,-77.0511178
PAST SALE,June-6-2017,Condo/Co-op,1111 23rd St NW Ph 2F,Washington,DC,20037,3500000,4,6.5,WASHINGTON,4210,,2000,669,831,6135,Sold,,,http://www.redfin.com/DC/Washington/1111-23rd-St-NW-20037/unit-2F/home/10182883,BRIGHT MLS,1001375477,N,Y,38.9045083,-77.0490526
PAST SALE,December-14-2017,Condo/Co-op,2141 P St NW #705,Washington,DC,20037,454000,1,1.0,WASHINGTON,710,,1980,478,639,385,Sold,,,http://www.redfin.com/DC/Washington/2141-P-St-NW-20037/unit-705/home/9050852,BRIGHT MLS,1004246333,N,Y,38.9097771,-77.047516
PAST SALE,,Condo/Co-op,1111 25th St NW Apt 919,Washington,DC,20037,699000,1,1.0,,833,,2005,,839,,,,,http://www.redfin.com/DC/Washington/1111-25th-St-NW-20037/unit-919/home/10346645,,,N,Y,38.9045599,-77.0531137
PAST SALE,April-28-2017,Townhouse,2509 P St NW,Washington,DC,20007,2045000,4,3.5,WASHINGTON,1994,2307,1900,708,1026,,Sold,,,http://www.redfin.com/DC/Washington/2509-P-St-NW-20007/home/9928566,BRIGHT MLS,1001380825,N,Y,38.9095876,-77.0538604
PAST SALE,,Multi-Family (2-4 Unit),2510-2512 East Pl NW,Washington,DC,20007,2100000,4,4.0,,1504,2480,1900,,1396,,,,,http://www.redfin.com/DC/Washington/2510-2512-East-Pl-NW-20007/home/9928520,,,N,Y,38.910019,-77.05429
PAST SALE,,Townhouse,2126 N St NW,Washington,DC,20037,1301400,2,3.0,,1612,1920,1926,,807,,,,,http://www.redfin.com/DC/Washington/2126-N-St-NW-20037/home/9052234,,,N,Y,38.906971,-77.047884
PAST SALE,,Condo/Co-op,2425 L St NW Apt 317,Washington,DC,20037,624000,1,1.0,,803,,2006,,777,,,,,http://www.redfin.com/DC/Washington/2425-L-St-NW-20037/unit-317/home/23061266,,,N,Y,38.9041571,-77.0523302
PAST SALE,,Condo/Co-op,2425 L St NW Apt 412,Washington,DC,20037,760000,1,1.5,,868,,2006,,876,,,,,http://www.redfin.com/DC/Washington/2425-L-St-NW-20037/unit-412/home/23058899,,,N,Y,38.9041571,-77.0523302
PAST SALE,July-25-2017,Condo/Co-op,2516 Q St NW Unit Q208,Washington,DC,20007,380000,1,1.0,WASHINGTON,450,,1922,620,844,297,Sold,,,http://www.redfin.com/DC/Washington/2516-Q-St-NW-20007/unit-Q208/home/21644611,BRIGHT MLS,1001392473,N,Y,38.9100706,-77.0539167
PAST SALE,November-17-2017,Parking,1280 21ST St NW Unit P23,WASHINGTON,DC,20036,54000,0,,WASHINGTON,100,,1967,505,540,6,Sold,,,http://www.redfin.com/DC/Washington/1280-21st-St-NW-20036/unit-P23/home/144163526,BRIGHT MLS,1003303921,N,Y,38.9068674,-77.0468062
PAST SALE,,Condo/Co-op,1330 New Hampshire Ave NW Apt 505,Washington,DC,20036,305000,1,1.0,,527,,1963,,579,,,,,http://www.redfin.com/DC/Washington/1330-New-Hampshire-Ave-NW-20036/unit-505/home/9056968,,,N,Y,38.9081797,-77.0450162
PAST SALE,June-26-2017,Condo/Co-op,2130 N St NW #101,Washington,DC,20037,261000,0,1.0,WASHINGTON,418,,1947,649,624,370,Sold,,,http://www.redfin.com/DC/Washington/2130-N-St-NW-20037/unit-101/home/9053497,BRIGHT MLS,1001390543,N,Y,38.9071056,-77.0472923
PAST SALE,April-11-2017,Condo/Co-op,1280 21st St NW #103,Washington,DC,20036,391000,1,1.0,WASHINGTON,800,,1967,725,489,723,Sold,,,http://www.redfin.com/DC/Washington/1280-21st-St-NW-20036/unit-103/home/9053035,BRIGHT MLS,1001385365,N,Y,38.9068674,-77.0468062
PAST SALE,July-6-2017,Condo/Co-op,2425 L St NW #412,Washington,DC,20037,760000,1,1.5,WASHINGTON,910,,2006,639,835,865,Sold,,,http://www.redfin.com/DC/Washington/2425-L-St-NW-20037/unit-000412/home/11745709,BRIGHT MLS,1001389065,N,Y,38.904343,-77.0523268
PAST SALE,August-16-2017,Condo/Co-op,2425 L St NW #421,Washington,DC,20037,621500,1,1.0,WASHINGTON,850,,2006,598,731,732,Sold,,,http://www.redfin.com/DC/Washington/2425-L-St-NW-20037/unit-000421/home/11745795,BRIGHT MLS,1001395781,N,Y,38.904343,-77.0523268
PAST SALE,,Condo/Co-op,2425 L St NW Apt 421,Washington,DC,20037,621500,1,1.0,,771,,2006,,806,,,,,http://www.redfin.com/DC/Washington/2425-L-St-NW-20037/unit-421/home/22676147,,,N,Y,38.9041571,-77.0523302
PAST SALE,May-8-2017,Condo/Co-op,2301 N St NW #510,Washington,DC,20037,422000,1,1.0,WASHINGTON,626,,1991,698,674,530,Sold,,,http://www.redfin.com/DC/Washington/2301-N-St-NW-20037/unit-510/home/9047466,BRIGHT MLS,1000079078,N,Y,38.9073871,-77.05009
PAST SALE,July-28-2017,Townhouse,2119 N St NW #5,Washington,DC,20037,339900,1,1.0,WASHINGTON,500,,1900,617,680,180,Sold,,,http://www.redfin.com/DC/Washington/2119-N-St-NW-20037/unit-5/home/81888889,BRIGHT MLS,1001391869,N,Y,38.9073827,-77.0470304
PAST SALE,April-13-2017,Condo/Co-op,2301 N St NW #307,Washington,DC,20037,469900,1,1.0,WASHINGTON,635,,1991,723,740,514,Sold,,,http://www.redfin.com/DC/Washington/2301-N-St-NW-20037/unit-307/home/9047306,BRIGHT MLS,1001384543,N,Y,38.9073871,-77.05009
PAST SALE,May-8-2017,Condo/Co-op,2301 N St NW #201,Washington,DC,20037,680000,2,2.0,WASHINGTON,878,,1991,698,774,846,Sold,,,http://www.redfin.com/DC/Washington/2301-N-St-NW-20037/unit-201/home/9047213,BRIGHT MLS,1000082890,N,Y,38.9073871,-77.05009
PAST SALE,June-30-2017,Condo/Co-op,1230 23rd St NW #601,Washington,DC,20037,407000,1,1.0,WASHINGTON,597,,1989,645,682,661,Sold,,,http://www.redfin.com/DC/Washington/1230-23rd-St-NW-20037/unit-601/home/9047656,BRIGHT MLS,1001393103,N,Y,38.9058704,-77.0502704
PAST SALE,May-12-2017,Condo/Co-op,2500 Q St NW #301,Washington,DC,20007,349000,1,1.0,WASHINGTON,844,,1942,694,414,674,Sold,,,http://www.redfin.com/DC/Washington/2500-Q-St-NW-20007/unit-301/home/9928583,BRIGHT MLS,1001386923,N,Y,38.9104655,-77.0524133
PAST SALE,July-17-2017,Condo/Co-op,2500 Q St NW #205,WASHINGTON,DC,20007,550000,2,2.0,WASHINGTON,1287,,1942,628,427,1066,Sold,,,http://www.redfin.com/DC/Washington/2500-Q-St-NW-20007/unit-205/home/9928635,BRIGHT MLS,1001389959,N,Y,38.9104655,-77.0524133
PAST SALE,June-23-2017,Condo/Co-op,2500 Q St NW #424,Washington,DC,20007,283000,0,1.0,WASHINGTON,585,,1942,652,484,461,Sold,,,http://www.redfin.com/DC/Washington/2500-Q-St-NW-20007/unit-424/home/9928861,BRIGHT MLS,1001389963,N,Y,38.9104655,-77.0524133
PAST SALE,,Condo/Co-op,1124 25th St NW Apt T6,Washington,DC,20037,615000,2,2.0,,810,,1910,,759,,,,,http://www.redfin.com/DC/Washington/1124-25th-St-NW-20037/unit-T6/home/9040508,,,N,Y,38.9046912,-77.0534662
PAST SALE,August-20-2018,Condo/Co-op,2425 L St NW #323,Washington,DC,20037,580000,1,1.0,WASHINGTON,816,,2006,229,711,748,Sold,,,http://www.redfin.com/DC/Washington/2425-L-St-NW-20037/unit-323/home/11745781,BRIGHT MLS,1001889510,N,Y,38.9041571,-77.0523302
PAST SALE,October-17-2018,Condo/Co-op,2527 Q St NW #206,Washington,DC,20007,228000,0,1.0,WASHINGTON,308,,1930,171,740,206,Sold,,,http://www.redfin.com/DC/Washington/2527-Q-St-NW-20007/unit-206/home/10177890,BRIGHT MLS,1002023106,N,Y,38.9107461,-77.0520767
PAST SALE,,Condo/Co-op,2201 L St NW Apt 101,Washington,DC,20037,445000,1,1.0,,760,,1967,,586,,,,,http://www.redfin.com/DC/Washington/2201-L-St-NW-20037/unit-101/home/9049452,,,N,Y,38.9038969,-77.0488783
PAST SALE,November-2-2018,Condo/Co-op,1099 22nd St NW #811,Washington,DC,20037,785000,2,2.5,WASHINGTON,1584,,1985,155,496,1194,Sold,,,http://www.redfin.com/DC/Washington/1099-22nd-St-NW-20037/unit-811/home/9054028,BRIGHT MLS,1000294518,N,Y,38.9037228,-77.0486954
PAST SALE,September-14-2018,Condo/Co-op,1301 20th St NW #610,Washington,DC,20036,330000,1,1.0,WASHINGTON,562,,1973,204,587,615,Sold,,,http://www.redfin.com/DC/Washington/1301-20th-St-NW-20036/unit-610/home/9060251,BRIGHT MLS,1001963074,N,Y,38.9072399,-77.0447037
PAST SALE,July-6-2018,Condo/Co-op,1140 23rd St NW #704,Washington,DC,20037,699000,2,2.0,Central,991,,1981,274,705,802,Sold,,,http://www.redfin.com/DC/Washington/1140-23rd-St-NW-20037/home/9048221,MRIS,DC10250472,N,Y,38.9043473,-77.0502824
PAST SALE,August-7-2018,Condo/Co-op,2301 N St NW #112,WASHINGTON,DC,20037,390000,1,1.0,WASHINGTON,533,,1991,242,732,546,Sold,,,http://www.redfin.com/DC/Washington/2301-N-St-NW-20037/unit-112/home/9047190,BRIGHT MLS,1001864836,N,Y,38.9073871,-77.05009
PAST SALE,October-5-2018,Condo/Co-op,1121 24th St NW #2,Washington,DC,20037,218000,0,1.0,WASHINGTON,277,,1940,183,787,215,Sold,,,http://www.redfin.com/DC/Washington/1121-24th-St-NW-20037/unit-2/home/23068245,BRIGHT MLS,1002335384,N,Y,38.9043982,-77.0510379
PAST SALE,October-9-2018,Condo/Co-op,2501 M St NW #401,WASHINGTON,DC,20037,1853900,2,2.5,WASHINGTON,1649,,2017,179,1124,928,Sold,,,http://www.redfin.com/DC/Washington/2501-M-St-NW-20037/unit-401/home/145548944,BRIGHT MLS,DCDC100450,N,Y,38.905507,-77.0537929
PAST SALE,September-12-2018,Condo/Co-op,1111 24th St NW Unit 9C,Washington,DC,20037,4445000,3,3.5,WASHINGTON,3051,,2018,206,1457,3250,Sold,,,http://www.redfin.com/DC/Washington/1111-24th-St-NW-20037/unit-9C/home/112897370,BRIGHT MLS,1002277728,N,Y,38.9041312,-77.0511178
PAST SALE,November-2-2018,Condo/Co-op,2425 L St NW #629,Washington,DC,20037,769000,2,1.5,WASHINGTON,1065,,2006,155,722,1018,Sold,,,http://www.redfin.com/DC/Washington/2425-L-St-NW-20037/unit-629/home/11745897,BRIGHT MLS,1003800480,N,Y,38.9041571,-77.0523302
PAST SALE,October-17-2018,Condo/Co-op,2500 Q St NW #504,Washington,DC,20007,415000,1,1.0,WASHINGTON,837,,1942,171,496,802,Sold,,,http://www.redfin.com/DC/Washington/2500-Q-St-NW-20007/unit-504/home/9928630,BRIGHT MLS,1000454080,N,Y,38.9104655,-77.0524133
PAST SALE,July-28-2017,Condo/Co-op,1260 21st St NW #504,Washington,DC,20036,325000,1,1.0,WASHINGTON,643,,1966,617,505,857,Sold,,,http://www.redfin.com/DC/Washington/1260-21st-St-NW-20036/unit-504/home/9052345,BRIGHT MLS,1001394199,N,Y,38.9064424,-77.0468062
PAST SALE,July-5-2017,Condo/Co-op,1260 21st St NW #608,Washington,DC,20036,330000,1,1.0,WASHINGTON,536,,1966,640,616,719,Sold,,,http://www.redfin.com/DC/Washington/1260-21st-St-NW-20036/unit-608/home/9052478,BRIGHT MLS,1001392491,N,Y,38.9064424,-77.0468062
PAST SALE,June-12-2017,Condo/Co-op,1260 21st St NW #707,Washington,DC,20036,333000,1,1.0,WASHINGTON,506,,1966,663,658,677,Sold,,,http://www.redfin.com/DC/Washington/1260-21st-St-NW-20036/unit-707/home/9052448,BRIGHT MLS,1001391749,N,Y,38.9064424,-77.0468062
PAST SALE,,Condo/Co-op,1155 23rd St NW Unit 5LN,Washington,DC,20037,980000,1,2.0,,1324,,2000,,740,,,,,http://www.redfin.com/DC/Washington/1155-23rd-St-NW-20037/unit-5LN/home/10182723,,,N,Y,38.9048068,-77.0497606
PAST SALE,,Condo/Co-op,1155 23rd St NW Apt 7C,Washington,DC,20037,1510000,2,2.5,,1859,,2000,,812,,,,,http://www.redfin.com/DC/Washington/1155-23rd-St-NW-20037/unit-7C/home/10182611,,,N,Y,38.9048068,-77.0497606
PAST SALE,October-16-2018,Condo/Co-op,2500 Q St NW #316,Washington,DC,20007,414900,1,1.0,WASHINGTON,1014,,1942,172,409,842,Sold,,,http://www.redfin.com/DC/Washington/2500-Q-St-NW-20007/unit-316/home/9928752,BRIGHT MLS,1004227382,N,Y,38.9104655,-77.0524133
PAST SALE,August-24-2018,Townhouse,1417 21st St NW Unit A,Washington,DC,20036,730000,2,2.5,WASHINGTON,1248,,1910,225,585,390,Sold,,,http://www.redfin.com/DC/Washington/1417-21st-St-NW-20036/unit-A/home/9056414,BRIGHT MLS,1001586068,N,Y,38.9092603,-77.0464872
PAST SALE,October-15-2018,Condo/Co-op,1280 21st St NW #203,Washington,DC,20036,450000,1,1.0,WASHINGTON,833,,1967,173,540,765,Sold,,,http://www.redfin.com/DC/Washington/1280-21st-St-NW-20036/unit-203/home/9053068,BRIGHT MLS,1002164770,N,Y,38.9068674,-77.0468062
PAST SALE,September-5-2018,Townhouse,1004 22nd St NW,Washington,DC,20037,1690000,3,3.5,WASHINGTON,2906,957,1921,213,582,,Sold,,,http://www.redfin.com/DC/Washington/1004-22nd-St-NW-20037/home/9050397,BRIGHT MLS,1001548730,N,Y,38.9029359,-77.0490368
PAST SALE,,Condo/Co-op,2735 Olive St NW #13,Washington,DC,20007,1150000,2,2.0,,1467,,2002,,784,,,,,http://www.redfin.com/DC/Washington/2735-Olive-St-NW-20007/unit-13/home/10186607,,,N,Y,38.9065651,-77.0565719
PAST SALE,June-12-2018,Condo/Co-op,1301 20th St NW #703,Washington,DC,20036,340000,1,1.0,WASHINGTON,492,,1973,298,691,581,Sold,,,http://www.redfin.com/DC/Washington/1301-20th-St-NW-20036/unit-703/home/9060286,BRIGHT MLS,1000281132,N,Y,38.9072399,-77.0447037
PAST SALE,July-19-2018,Townhouse,1640 21st St NW #2,Washington,DC,20009,1151000,3,2.5,WASHINGTON,1452,,1870,261,793,150,Sold,,,http://www.redfin.com/DC/Washington/1640-21st-St-NW-20009/unit-2/home/9050600,BRIGHT MLS,1001869444,N,Y,38.9120865,-77.0467962
PAST SALE,,Condo/Co-op,2301 N St NW Apt 117,Washington,DC,20037,790000,2,1.5,,1123,,1991,,703,,,,,http://www.redfin.com/DC/Washington/2301-N-St-NW-20037/unit-117/home/9047209,,,N,Y,38.9073871,-77.05009
PAST SALE,July-25-2018,Condo/Co-op,1177 22nd St NW Unit 9-A,Washington,DC,20037,1825000,2,2.0,West End,1793,,2008,255,1018,2191,Sold,,,http://www.redfin.com/DC/Washington/1177-22nd-St-NW-20037/home/21645491,MRIS,DC10188308,N,Y,38.9048618,-77.0482951
PAST SALE,July-23-2018,Condo/Co-op,1260 21st St NW #706,Washington,DC,20036,305000,1,1.0,WASHINGTON,506,,1966,257,603,704,Sold,,,http://www.redfin.com/DC/Washington/1260-21st-St-NW-20036/unit-706/home/146959712,BRIGHT MLS,1001883282,N,Y,38.9067683,-77.0469118
PAST SALE,September-6-2018,Condo/Co-op,1330 New Hampshire Ave NW #501,Washington,DC,20036,485000,2,1.0,WASHINGTON,735,,1963,212,660,649,Sold,,,http://www.redfin.com/DC/Washington/1330-New-Hampshire-Ave-NW-20036/unit-501/home/147392614,BRIGHT MLS,1001869448,N,Y,38.9083086,-77.0451575
PAST SALE,July-30-2018,Condo/Co-op,2425 L St NW #533,Washington,DC,20037,650000,1,1.0,Central,850,,2006,250,765,883,Sold,,,http://www.redfin.com/DC/Washington/2425-L-St-NW-20037/home/11745866,MRIS,DC10267108,N,Y,38.9041571,-77.0523302
PAST SALE,July-24-2018,Townhouse,1333 27th St NW,Washington,DC,20007,1150000,3,1.5,WASHINGTON,1350,741,1900,256,852,,Sold,,,http://www.redfin.com/DC/Washington/1333-27th-St-NW-20007/home/9926943,BRIGHT MLS,1001726738,N,Y,38.9078479,-77.0556537
PAST SALE,October-29-2018,Condo/Co-op,1121 24th St NW #309,Washington,DC,20037,280000,0,1.0,WASHINGTON,307,,1940,159,912,215,Sold,,,http://www.redfin.com/DC/Washington/1121-24th-St-NW-20037/unit-309/home/23068250,BRIGHT MLS,1006158092,N,Y,38.9043982,-77.0510379
PAST SALE,,Condo/Co-op,1111 23rd St NW Apt 3C,Washington,DC,20037,1325000,2,2.5,,1813,,2000,,731,,,,,http://www.redfin.com/DC/Washington/1111-23rd-St-NW-20037/unit-3C/home/10182804,,,N,Y,38.9045083,-77.0490526
PAST SALE,October-23-2018,Condo/Co-op,2501 M St NW #412,Washington,DC,20037,1600000,2,2.5,WASHINGTON,1340,,2017,165,1194,754,Sold,,,http://www.redfin.com/DC/Washington/2501-M-St-NW-20037/unit-412/home/147937120,BRIGHT MLS,DCDC100400,N,Y,38.905507,-77.0537929
PAST SALE,January-26-2018,Condo/Co-op,1111 24th St NW Unit 8F,Washington,DC,20037,3115000,3,3.0,WASHINGTON,2482,,2018,435,1255,2612,Sold,,,http://www.redfin.com/DC/Washington/1111-24th-St-NW-20037/unit-8F/home/148537898,BRIGHT MLS,DCDC308014,N,Y,38.9041312,-77.0511178
PAST SALE,December-14-2017,Condo/Co-op,2425 L St NW #204,Washington,DC,20037,1050000,2,2.0,WASHINGTON,1279,,2006,478,821,1075,Sold,,,http://www.redfin.com/DC/Washington/2425-L-St-NW-20037/unit-204/home/11749386,BRIGHT MLS,1003302339,N,Y,38.9041571,-77.0523302
PAST SALE,June-28-2017,Townhouse,2717 Olive St NW,Washington,DC,20007,2225000,5,4.5,WASHINGTON,2195,2000,2001,647,1014,175,Sold,,,http://www.redfin.com/DC/Washington/2717-Olive-St-NW-20007/home/9925847,BRIGHT MLS,1001386027,N,Y,38.906307,-77.056431
PAST SALE,October-31-2017,Condo/Co-op,2735 Olive St NW #9,Washington,DC,20007,870000,2,2.0,WASHINGTON,1070,,2002,522,813,710,Sold,,,http://www.redfin.com/DC/Washington/2735-Olive-St-NW-20007/unit-9/home/10186601,BRIGHT MLS,1000123687,N,Y,38.9065651,-77.0565719
PAST SALE,November-28-2017,Condo/Co-op,1111 24th St NW Unit 3B,Washington,DC,20037,1806250,2,2.0,WASHINGTON,1694,,2017,494,1066,1778,Sold,,,http://www.redfin.com/DC/Washington/1111-24th-St-NW-20037/unit-3B/home/128216277,BRIGHT MLS,1004372405,N,Y,38.9041312,-77.0511178
PAST SALE,November-17-2017,Condo/Co-op,1111 24th St NW #64,Washington,DC,20037,1565000,2,2.0,WASHINGTON,1363,,2017,505,1148,1431,Sold,,,http://www.redfin.com/DC/Washington/1111-24th-St-NW-20037/unit-64/home/144457147,BRIGHT MLS,1004372411,N,Y,38.9041312,-77.0511178
PAST SALE,December-18-2017,Condo/Co-op,1111 24th St NW #66,Washington,DC,20037,3260400,3,3.0,WASHINGTON,2719,,2017,474,1199,2854,Sold,,,http://www.redfin.com/DC/Washington/1111-24th-St-NW-20037/unit-66/home/144575168,BRIGHT MLS,1004372409,N,Y,38.9041312,-77.0511178
PAST SALE,August-4-2017,Condo/Co-op,1230 23rd St NW #603,Washington,DC,20037,422500,1,1.0,WASHINGTON,595,,1989,610,710,671,Sold,,,http://www.redfin.com/DC/Washington/1230-23rd-St-NW-20037/unit-603/home/9047662,BRIGHT MLS,1001392015,N,Y,38.9058704,-77.0502704
PAST SALE,October-27-2017,Condo/Co-op,1111 24th St NW #35,Washington,DC,20037,1885000,2,2.0,WASHINGTON,1723,,2016,526,1094,1809,Sold,,,http://www.redfin.com/DC/Washington/1111-24th-St-NW-20037/unit-35/home/144581016,BRIGHT MLS,1004372657,N,Y,38.9041312,-77.0511178
PAST SALE,December-8-2017,Condo/Co-op,1121 24th St NW #407,Washington,DC,20037,513000,2,1.0,WASHINGTON,561,,1940,484,914,348,Sold,,,http://www.redfin.com/DC/Washington/1121-24th-St-NW-20037/unit-407/home/17136758,BRIGHT MLS,1003295737,N,Y,38.9043982,-77.0510379
PAST SALE,November-9-2017,Condo/Co-op,1140 23rd St NW #702,Washington,DC,20037,546000,2,1.5,WASHINGTON,871,,1981,513,627,678,Sold,,,http://www.redfin.com/DC/Washington/1140-23rd-St-NW-20037/unit-702/home/9048213,BRIGHT MLS,1000124171,N,Y,38.9043473,-77.0502824
PAST SALE,September-28-2017,Condo/Co-op,1111 25th St NW #304,Washington,DC,20037,521500,1,1.0,WASHINGTON,835,,2005,555,625,507,Sold,,,http://www.redfin.com/DC/Washington/1111-25th-St-NW-20037/unit-304/home/10346469,BRIGHT MLS,1000186715,N,Y,38.9045599,-77.0531137
PAST SALE,November-20-2017,Condo/Co-op,1111 24th St NW Unit 4-C,Washington,DC,20037,2691890,3,3.0,WASHINGTON,2136,,2016,502,1260,2226,Sold,,,http://www.redfin.com/DC/Washington/1111-24th-St-NW-20037/unit-4-C/home/109415164,BRIGHT MLS,1000186369,N,Y,38.9041312,-77.0511178
PAST SALE,,Condo/Co-op,2501 Pennsylvania Ave NW Apt 3B,Washington,DC,20037,1835000,2,2.5,,2289,,2009,,802,,,,,http://www.redfin.com/DC/Washington/2501-Pennsylvania-Ave-NW-20037/unit-3B/home/28495870,,,N,Y,38.9040089,-77.0537602
PAST SALE,August-9-2017,Condo/Co-op,2555 Pennsylvania Ave NW #411,Washington,DC,20037,649000,1,1.5,WASHINGTON,1036,,1978,605,626,721,Sold,,,http://www.redfin.com/DC/Washington/2555-Pennsylvania-Ave-NW-20037/unit-411/home/9039863,BRIGHT MLS,1001395219,N,Y,38.9041102,-77.0542479
PAST SALE,October-30-2017,Condo/Co-op,1111 24TH St NW #58,WASHINGTON,DC,20037,760400,1,1.0,WASHINGTON,750,,2017,523,1014,2244,Sold,,,http://www.redfin.com/DC/Washington/1111-24th-St-NW-20037/unit-58/home/144581017,BRIGHT MLS,1004372651,N,Y,38.9041312,-77.0511178
PAST SALE,November-2-2017,Condo/Co-op,1111 24th St NW #27,Washington,DC,20037,1775400,2,2.0,WASHINGTON,1731,,2016,520,1026,1861,Sold,,,http://www.redfin.com/DC/Washington/1111-24th-St-NW-20037/unit-27/home/144360742,BRIGHT MLS,1004372637,N,Y,38.9041312,-77.0511178
PAST SALE,December-20-2017,Condo/Co-op,1111 24TH St NW #97,WASHINGTON,DC,20037,1290000,2,2.0,WASHINGTON,1212,,2017,472,1064,1272,Sold,,,http://www.redfin.com/DC/Washington/1111-24th-St-NW-20037/unit-97/home/144581012,BRIGHT MLS,1004372645,N,Y,38.9041312,-77.0511178
PAST SALE,October-30-2017,Condo/Co-op,1111 24th St NW #52,Washington,DC,20037,1893850,2,2.0,WASHINGTON,1696,,2017,523,1117,1796,Sold,,,http://www.redfin.com/DC/Washington/1111-24th-St-NW-20037/unit-52/home/113157700,BRIGHT MLS,1000186415,N,Y,38.9041312,-77.0511178
PAST SALE,April-28-2017,Condo/Co-op,1111 25TH St NW #312,WASHINGTON,DC,20037,365000,0,1.0,WASHINGTON,498,,2005,708,733,298,Sold,,,http://www.redfin.com/DC/Washington/1111-25th-St-NW-20037/unit-312/home/10346479,BRIGHT MLS,1001385531,N,Y,38.9045599,-77.0531137
PAST SALE,July-17-2017,Condo/Co-op,1111 25th St NW #307,Washington,DC,20037,610000,1,1.0,WASHINGTON,889,,2005,628,686,545,Sold,,,http://www.redfin.com/DC/Washington/1111-25th-St-NW-20037/unit-307/home/10346472,BRIGHT MLS,1001390451,N,Y,38.9045599,-77.0531137
PAST SALE,,Condo/Co-op,1111 23rd St NW Unit N5E,Washington,DC,20037,2350000,2,3.0,,3595,,2000,,654,,,,,http://www.redfin.com/DC/Washington/1111-23rd-St-NW-20037/unit-N5E/home/10182644,,,N,Y,38.9044552,-77.0497133
